,브랜드명,의류명,성별,category
0,펀치드렁크파티즈,Angel Oversized Hoodie (BLACK),남,상의
1,1993스튜디오,90S 트랙 스웨트셔츠_그레이,남 여,상의
2,폴로 랄프 로렌,커스텀핏 데님 셔츠 - 네이비,남,상의
3,키뮤어,[Package][카라+라운드 선택] COOL 린넨 라이크 하프 니트_16 COLOR,남 여,상의
4,폴로 랄프 로렌,커스텀핏 포플린 셔츠 - 화이트,남,상의
5,푸마 셀렉트,푸마Ⅹ아미 그래픽 반팔 티셔츠 - 라이트 그레이 / 534070-04,남,상의
6,코드그라피,[패키지][반팔 + 긴팔 선택] 오버핏 시티보이 옥스포드 셔츠,남,상의
7,마리떼,W CLASSIC LOGO TEE white,여,상의
8,엘무드,테리 인디고 데님 셔츠 블루,남,상의
9,무신사 스탠다드,릴렉스 핏 크루 넥 반팔 티셔츠 2팩,남,상의
10,스파오,(시티보이) 오버핏 옥스포드 셔츠_SPYWD23C01,남,상의
11,무신사 스탠다드,베이식 긴팔 티셔츠 2팩,남,상의
12,발렌시아가,남성 BB 아이콘 라지핏 반소매 셔츠 - 블랙 / 699057TYB181000,남,상의
13,무신사 스탠다드,레이어드 크루 넥 반팔 티셔츠_일반 기장 2팩,남,상의
14,폴로 랄프 로렌,케이블니트 V넥 스웨터 - 블랙,여,상의
15,마뗑킴,MATIN KIM LOGO SILKET CROP TOP,여,상의
16,세터,몬타라 슬릿 케이블 풀오버 니트 보헤미안 오트밀,남,상의
17,폴로 랄프 로렌,케이블 울 캐시미어 숏 슬리브 스웨터 - 네이비,여,상의
18,토피,에센셜 후드 스웻 셔츠 (MELANGE GREY),남,상의
19,푸마 셀렉트,푸마 X 아미 폴로 티셔츠 - 그린 / 534067-96,남,상의
20,프라이,코튼 블렌디드 슬로건 니트(KHAKI),남 여,상의
21,캘빈클라인 진,"남 레귤러핏 인스티튜셔널 로고 반팔 티셔츠 (화이트,블랙,미드그레이,그레이,베이지 5color) J321612",남,상의
22,티엔지티,차콜그레이 가먼트다잉 후드티셔츠 (TNTS3F106CG),남,상의
23,드로우핏,[오정규X드로우핏] 수피마 실켓 프리미엄 코튼 티셔츠 [2PACK],남,상의
24,마인드브릿지,[SET][7DRIVE IN]CHILL 테리오버핏카라티셔츠&하프팬츠,남,상의
25,캘빈클라인 진,"여 슬림핏 인스티튜셔널 로고 반팔 티셔츠 (화이트,블랙 2color) J217960",여,상의
26,스튜디오니콜슨,남성 님버스 니트 - 다크 네이비 / NIMBUSSNM844DARKNAVY,남,상의
27,페플,[패키지] 스테이 얼론 + 보드마스터 그래픽 티셔츠 2PACK ( JDST1315+JDST1358),남,상의
28,필루미네이트,옵티멀 베이직 셔츠-화이트,남 여,상의
29,인사일런스,[2 PACK] 수피마 코튼 프리미엄 티셔츠_14 Color,남,상의
30,와릿이즌,[22SS] ANGEL WAPPEN STRIPE LONG SLEEVE BLACK,남,상의
31,파르티멘토,오버사이즈 스톤 워싱 데님 셔츠 블랙,남 여,상의
32,아메스 월드와이드,CHAMPIONSHIP TEE WHITE,여,상의
33,푸마 셀렉트,푸마Ⅹ아미 그래픽 반팔 티셔츠 - 블루 / 534070-93,남,상의
34,마르디 메크르디,TSHIRT FLOWERMARDI_IVORY NAVY,여,상의
35,무신사 스탠다드,레이어드 크루 넥 반팔 티셔츠_일반 기장 [화이트],남,상의
36,프렌다,PRDA DENIM PATCH CREWNECK TEE WHITE,여,상의
37,발렌시아가,남성 와이드 핏 메종 로고 후드 - 블랙 / 674986TLVJ21074,남,상의
38,폴로 랄프 로렌,커스텀핏 버튼다운 옥스포드 셔츠  - 블루,남,상의
39,파르티멘토,오버사이즈 스톤 워싱 데님 셔츠 블루,남 여,상의
40,세터,세터데이 레트로 무드 그래픽 반팔 티셔츠 빈티지 레드,남,상의
41,유니온블루,LAUNDRY SHIRT (LAVENDER GRAY),남,상의
42,럭키마르쉐,Color Scheme Collar T-shirt (for Unisex)_QUTAX23451GRX,여,상의
43,세인트페인,SP 세인트 클럽 피케 셔츠-블랙,남,상의
44,버버리,남성 로고 프린트 코튼 반소매 티셔츠 - 화이트 / 8026017,남,상의
45,꼼파뇨,크래킹 스냅 레글런 후드티 블랙,여,상의
46,마르디 메크르디,SWEATSHIRT FLOWERMARDI BLOSSOM_NAVY WHITE,여,상의
47,로맨틱크라운,[RMTC WITH SVT WOOZI] 우주공장 크루넥_블랙,남,상의
48,마르디 메크르디,TSHIRT FLOWERMARDI_WHITE GREEN,여,상의
49,폴로 랄프 로렌,케이블 니트 코튼 숏 슬리브 스웨터 - 블루,여,상의
50,드로우핏,[오정규X드로우핏] 린넨 히든 반팔 셔츠 [5COLORS],남,상의
51,마하그리드,MGD SOCCER JERSEY BLUE(MG2DMMT536A),남 여,상의
52,트래블,[3-PACK]베이직 트래블러 피그먼트 스웨트셔츠,남 여,상의
53,타미힐피거,피크 플래그 커프 티셔츠 (T12D1TPO060MT1P01),남,상의
54,커버낫,에센셜 쿨 코튼 2-PACK 티셔츠 블랙,남 여,상의
55,1993스튜디오,90S 트랙 스웨트셔츠_오트베이지,남 여,상의
56,유니온블루,LAUNDRY SHIRT (LEMON),남,상의
57,지방시,남성 바시티 로고 오버사이즈 반소매 티셔츠 - 블랙 / BM718W3Y6D1,남,상의
58,러프사이드,Oversized Sweat Shirt Ash Grey,남,상의
59,리,[22SS] 빈티지 로고 오버핏 맨투맨 Oatmeal,남,상의
60,럭키마르쉐,Color Scheme Regular Fit Collar T-shirts_QWTAX23461NYX,여,상의
61,러브이즈트루,IN LOVE TEE(WHITE),여,상의
62,예일,(23SS) 2 TONE ARCH HOODIE GRAY,남 여,상의
63,1993스튜디오,90S 트랙 스웨트셔츠_네이비,남 여,상의
64,세터,더블린 언발란스 캐시미어  블렌드 니트 클래식 차콜,남 여,상의
65,로에베,남성 아나그램 반소매 티셔츠 - 화이트 / H526Y22J262100,남,상의
66,레스트앤레크레이션,RR HALF ZIP-UP CROP KNIT TOP IVORY,여,상의
67,페플,[패키지] 더블코튼 무지반팔  패키지 KHST1011,남,상의
68,캘빈클라인 진,"여 모노그램 로고 반팔 티셔츠 (화이트,블랙,베이지 3color) J218885",여,상의
69,무신사 스탠다드,베이식 크루 넥 반팔 티셔츠 2팩,남,상의
70,폴로 랄프 로렌,[MUSINSA EXCLUSIVE] 뉴욕 복싱 클럽 빈티지 저지 셔츠 - 그레이,남 여,상의
71,펀치드렁크파티즈,LYM Oversized Sweatshirt (MELANGE WHITE),남,상의
72,라퍼지스토어,[PACKAGE]테일 오픈칼라 반팔 니트_7Color,남 여,상의
73,라코스테,남성 프렌치 베이직 반팔 폴로 [블랙],남,상의
74,토마스모어,TD5-SH07 페이퍼셔츠-블루블루,남 여,상의
75,라코스테,남성 프렌치 베이직 반팔 폴로 [화이트],남,상의
76,라코스테,남성 프렌치 베이직 반팔 폴로 [라이트핑크],남,상의
77,라코스테,남성 프렌치 베이직 반팔 폴로 [블루],남,상의
78,노매뉴얼,S.P T-SHIRT - BLACK,남 여,상의
79,마르디 메크르디,TSHIRT FLOWERMARDI_BLACK CREAM,여,상의
80,에이카화이트,BIG AECA CROCHET HALF SLEEVE KNIT-BLUE,남,상의
81,와릿이즌,SIGN LOGO T-SHIRT WHITE,남 여,상의
82,코드그라피,[쿨코튼] CGP 아치 로고 티셔츠,남 여,상의
83,엠엘비,하트 스몰로고 오버핏 반팔 티셔츠 NY (Ivory),남 여,상의
84,크리틱,FOREST WARS 반팔 티셔츠 Black,남 여,상의
85,리,[22SS] 빅트위치 루즈핏 맨투맨 Navy,남,상의
86,수아레,워셔블 하찌 니트 - 11 COLOR,남,상의
87,푸마 셀렉트,푸마 X 아미 폴로 티셔츠 - 블루 / 534067-93,남,상의
88,시리즈,[series bleu] 패치 포켓 블루 체크 셔츠_S2SFM23201BUX,남,상의
89,글로니,ANGEL BABY BLOUSE (JACQUARD BEIGE),여,상의
90,필루미네이트,옵티멀 베이직 셔츠-화이트,남 여,상의
91,마르디 메크르디,SWEATSHIRT FLOWERMARDI_OATMEAL BLACK,여,상의
92,라퍼지스토어,[SS Ver.]헤비 코튼 오버 럭비 맨투맨_Midnight Blue,남 여,상의
93,아메스 월드와이드,LEISURE TIME LOGO SWEATSHIRT NAVY,여,상의
94,팔렛,듀스 네로 반팔티 화이트,남 여,상의
95,코드그라피,[SET] CGP 심플 로고 반팔 크루넥 셋업_오트밀,남 여,상의
96,와릿이즌,SIGN LOGO T-SHIRT WHITE,남 여,상의
97,세터,세터 로고 자수 보야지 반팔 티셔츠 리조트 아이보리,남,상의
98,유니온블루,LAUNDRY SHIRT (WHITE),남,상의
99,세터,나폴리 소프트 코튼 폴로 니트 소프트 베이지,남,상의
100,유니온블루,LAUNDRY SHIRT (GRAY),남,상의
101,트래블,미시간 울버린 피그먼트 반팔티 블랙 차콜,남,상의
102,오와이,스포츠 저지 나일론 맨투맨-블랙,남,상의
103,커버낫,C 로고 옥스포드 스트라이프 셔츠 라이트 블루,남 여,상의
104,소버먼트,컷 헤비 피그먼트 티셔츠-차콜-,남,상의
105,무신사 스탠다드,폰테 릴렉스 핏 크루 넥 반팔 티셔츠 2팩,남,상의
106,세인트제임스,Guildo R MC (0S7) ASJU2314894-0S7,남 여,상의
107,무신사 스탠다드,[쿨탠다드] 베이식 크루 넥 반팔 티셔츠 2팩,남,상의
108,푸마 셀렉트,푸마 X 아미 폴로 티셔츠 - 블루 / 534067-93,남,상의
109,마뗑킴,COLOR BLOCK LOGO HOODY IN GREY,남 여,상의
110,세인트제임스,Meridien U Elbow Patch (N0I) ASJM2312023-N0I,남 여,상의
111,마르디 메크르디,TSHIRT FLOWERMARDI_WHITE VIOLET,여,상의
112,마르디 메크르디,SWEATSHIRT FLOWERMARDI BLOSSOM_OATMEAL BLACK,여,상의
113,라코스테,남성 프렌치 베이직 반팔 폴로 [스카이블루],남,상의
114,어나더 오피스,23SS Bold Garment Shirt (Concrete),남,상의
115,코드그라피,[쿨코튼] CGP 아치 로고 티셔츠,남 여,상의
116,리,[22SS] 빅트위치 더블자수 오버핏 후드 Light Grey,남,상의
117,무신사 스탠다드,베이식 드레스 셔츠 [화이트],남,상의
118,원헌드레드퍼센트,OHP X GOODD b빅캣 세미오버 반팔티2,남,상의
119,브라운브레스,CLIQUE RAGLAN LONGSLEEVE - BROWN,남 여,상의
120,세터,더블린 언발란스 하프 칼라 니트 클래식 블랙,남,상의
121,예일,(23SS) [ONEMILE WEAR] 2PACK SMALL ARCH TEE WHITE / BLACK,남 여,상의
122,드로우핏,오버사이즈 인디고 워싱 데님 셔츠 [BLACK],남,상의
123,유니온블루,LAUNDRY DENIM SHIRT (ONE WASH),남,상의
124,토마스모어,TD5-SH07 페이퍼셔츠-화이트,남 여,상의
125,에이카화이트,AECA CLOVER CROCHET KNIT-WHITE,남,상의
126,브렌슨,Longsleeve 무지 긴팔티,남,상의
127,쿠어,콘트라스트 오픈칼라 스웨터 (멜란지블루),남 여,상의
128,디스이즈네버댓,Originals Dirt Shirt Navy,남,상의
129,와릿이즌,SIGN LOGO T-SHIRT BLACK,남 여,상의
130,마르디 메크르디,SWEATSHIRT UNIV_OATMEAL BLACK,여,상의
131,마르디 메크르디,TSHIRT FLOWERMARDI BLOSSOM_OATMEAL BLACK,여,상의
132,세터,나폴리 소프트 코튼 폴로 니트 리조트 블랙,남 여,상의
133,어반디타입,바이크 그래픽 니트_블랙_KN105,남,상의
134,토마스모어,TC5-SH08 프렌치 스트라이프 셔츠-그레이 그린,남 여,상의
135,테이크이지,솔리드 옥스포드 오버셔츠(스카이블루),남 여,상의
136,1993스튜디오,빈티지 반 집업_라이트그레이,남 여,상의
137,파르티멘토,오버사이즈 스톤 워싱 데님 셔츠 블랙,남 여,상의
138,알렉산더 맥퀸,여성 그래피티 로고 반소매 티셔츠 - 블랙 / 608614QZAD30415,여,상의
139,무신사 스탠다드,우먼즈 베이식 크루 넥 반팔 티셔츠 [화이트],여,상의
140,피지컬 에듀케이션 디파트먼트,PHYPS® TAIL LOGO LS NAVY,남 여,상의
141,마뗑킴,CUTTED LOGO CROP TOP IN WHITE,여,상의
142,와릿이즌,[22SS] ANGEL WAPPEN SHIRTS MULTI STRIPE,남,상의
143,디스이즈네버댓,T-Logo Tee White,남,상의
144,아웃스탠딩,REVERSE HEAVY HOOD  SWEAT_BLACK,남 여,상의
145,인사일런스,린넨 코튼 니트 후디 BLACK,남,상의
146,라퍼지스토어,[23SS Ver.][Package]시티보이 빅오버 옥스포드 셔츠_8 Color,남 여,상의
147,1993스튜디오,[SET] 스튜디오 아치 로고 스웨트 셋업_라이트그레이,남 여,상의
148,엠오오,피치스킨 벌룬오버 후드 - 블랙,남,상의
149,수아레,[2PACK] 유니섹스 365 반팔티 세트,남,상의
150,위캔더스,BASEBALL SCRIPT PULLOVER (NAVY),남 여,상의
151,무신사 스탠다드,레이어드 크루 넥 반팔 티셔츠_긴 기장 [화이트],남,상의
152,노운,brush washed denim shirt (charcoal),남,상의
153,건지 울른스,나그랑 크루넥 코튼 스웨터 - 애쉬,남,상의
154,세터,이비자 네츄럴 메시드 니트 블루,남 여,상의
155,무신사 스탠다드,릴렉스 핏 옥스포드 셔츠 [화이트],남,상의
156,토피,에센셜 후드 스웻 셔츠 (MELANGE GREY),남,상의
157,필루미네이트,오버핏 1988 스웨트 셔츠-블루,남 여,상의
158,커버낫,C 로고 맨투맨 블랙,남 여,상의
159,세터,세터데이 레트로 무드 그래픽 반팔 티셔츠 빈티지 레드,남,상의
160,폴로 랄프 로렌,클래식핏 옥스포드 셔츠 - 블루,여,상의
161,아노블리어,루즈핏 오픈카라 텐셀 린넨 셔츠 [네이비],남,상의
162,예아,럭 니트 (베이지&그린),남 여,상의
163,폴로 랄프 로렌,커스텀 슬림핏 로고 저지 티셔츠 - 네이비,남,상의
164,맨온더분,원피스 카라 버튼업 셔츠 _화이트_4713103009,남,상의
165,수아레,[2PACK] 쿨 니트 카라 OR 라운드 니트 세트,남,상의
166,브라운브레스,TAG HOODIE - ASH,남 여,상의
167,무신사 스탠다드,릴렉스 핏 실키 셔츠 [화이트],남,상의
168,플루크,슬램로고 하프 스웨트 셋업 라이트베이지 FST354FSP354,남,상의
169,후아유,스티브 반팔 카라티 / WHHAD2411U,남,상의
170,이벳필드,쿨코튼 2-PACK 베츠 기본 반팔 티셔츠 블랙/화이트,남 여,상의
171,쿠어,스트라이프 크래프트 플리츠 셔츠 (블루),남 여,상의
172,리,[22SS] 빅트위치 루즈핏 긴팔티셔츠 White,남,상의
173,크리틱,Goth Logo Knit Khaki,남,상의
174,이벳필드,EBFD 베츠 반팔 티셔츠 블루,남 여,상의
175,스컬프터,Sports Jersey Tee Gray,여,상의
176,슬로우애시드,러스티 로고 반팔티셔츠 [차콜],여,상의
177,라코스테,남성 오버핏 밀라노 솔리드 티셔츠 TH442E-53G 031,남,상의
178,와릿이즌,[22SS] ANGEL WAPPEN SHIRTS BLUE STRIPE,남,상의
179,와릿이즌,[22SS] ANGEL WAPPEN STRIPE LONG SLEEVE BLUE,남 여,상의
180,예일,JACQUARD BABY UNIVERSITY DAN KNIT CREWNECK NAVY,남 여,상의
181,토마스모어,TD5-SH07 페이퍼셔츠-라벤더,남 여,상의
182,마르디 메크르디,SWEATSHIRT FLOWERMARDI_NAVY CREAM,여,상의
183,디스이즈네버댓,Brushed Paint Tee White,남,상의
184,에스피오나지,Denim Over Shirts Light Washed,남 여,상의
185,세터,카프리 시트론 드로잉 썸머 그래픽 반팔 티셔츠 아이보리,남,상의
186,캘빈클라인 진,"여 모노그램 로고 반팔 티셔츠 (화이트,블랙,베이지 3color) J218885",여,상의
187,인템포무드,트위드 크루넥 니트웨어_아이스블루,남,상의
188,리,빅 트위치 로고 티셔츠 블랙,남 여,상의
189,코드그라피,CGP 아치 로고 후디_네이비,남 여,상의
190,반스,반스Ⅹ하리보 OS 후드 티셔츠 - 스카이 블루 / VN00045SSKY1,여,상의
191,에스피오나지,OG Logo 80s Fit Hoodie Light Grey,남 여,상의
192,밈더워드로브,블러 플라워 티셔츠_화이트,남,상의
193,세터,리벳 아플리케 포켓 로고 후드 오가닉블랙,남,상의
194,팀코믹스,COSMICA MEXICO SS BLACK,남 여,상의
195,팀코믹스,COSMICA MEXICO SS WHITE,남 여,상의
196,수아레,린넨 라이크 카라 하프 니트 - 8 COLOR,남,상의
197,노이어,실크 블렌디드 U넥 티셔츠 (블랙),남,상의
198,셀리테일즈,SHIRRING HOOD BLOUSE_PINK,여,상의
199,세터,썬 레트로 그래픽 반팔 티셔츠 아이보리,남,상의
200,벤힛,[패키지]그래픽 2PACK 디자인 반팔티 5종,남 여,상의
201,엔비에이,CHI 빅프린트 나시 티셔츠_블랙,남,상의
202,온앤온,Jacquard Half-Up Kntiwear Top NEK3MP108,여,상의
203,익스프레스 홀리데이,어센틱 나일론 풀오버_블루,남,상의
204,아웃스탠딩,LIFE IS TEE_SURF RIDE TEE_CHARCOAL,남 여,상의
205,펀치드렁크파티즈,Angel Oversized Hoodie (BLACK),남,상의
206,지프,2PACK 스몰로고 반팔티 (JN5TSU152WH),남,상의
207,피지컬 에듀케이션 디파트먼트,PHYPS® STRAWBERRY SS WHITE / PINK,남 여,상의
208,마리떼,CLASSIC LOGO TEE white,여,상의
209,스포티앤리치,공용 헬스 앤 웰니스 맨투맨 - 크림 / CR483CR,남 여,상의
210,니티드,[니티드X깡스타일리스트] 코튼 미니멀 라운드 니트 BLACK,남,상의
211,디스이즈네버댓,Blurred Hoodie Forest,남,상의
212,제멋,[패키지] 에디 오버핏 반팔티셔츠 패키지 KJST2189,남,상의
213,유앤엘씨,Waffle Helyneck Drop Shoulder Sleeve(3color),남,상의
214,마르디 메크르디,OXFORD SHIRT STRIPE_SKY PINK,여,상의
215,아모멘토,SHEER BUTTON SHIRTS_BROWN,여,상의
216,슬릭앤이지,빅 셔츠 스카이,남,상의
217,러프사이드,Shirring Shirt Grey,남,상의
218,마르디 메크르디,COTTON SHIRT CANDY STRIPE_BLUE PINK,여,상의
219,에이카화이트,MORNING CAFE TEE-WHITE,남,상의
220,선데이오프클럽,Soc soccer hoodie - Black,남,상의
221,아웃스탠딩,V.S.C SWEAT (WISCONSIN)_RED,남 여,상의
222,브라운브레스,TAG HOODIE - BLACK,남 여,상의
223,트래블,[3-PACK]베이직 트래블러 피그먼트 스웨트셔츠,남 여,상의
224,마르디 메크르디,TSHIRT FLOWERMARDI_BLACK CREAM,여,상의
225,예일,(23SS) 2 TONE ARCH HOODIE BLACK,남 여,상의
226,브라운브레스,TAG CROP HOODIE - CHARCOAL,여,상의
227,인사일런스,솔리드 오픈 칼라 니트 BLACK,남,상의
228,프리즘웍스,OG HEAVYWEIGHT PULLOVER HOODY _ BLACK,남,상의
229,캘빈클라인 진,"남 릴렉스핏 아카이브 로고 반팔 티셔츠 (화이트,블랙,그레이,블루,옐로우,브라운 6color) 40HM229",남,상의
230,유니폼브릿지,1960 sweatshirts navy,남,상의
231,디스이즈네버댓,Argyle S/S Knit Polo Blue,남,상의
232,트래블,액티비티 클럽 피그먼트 반팔티 크림,남 여,상의
233,프린트스타,[2PACK] 베이식 무지 레이어드 반팔 티셔츠 일반 기장,남,상의
234,세터,세터 로고 자수 보야지 반팔 티셔츠 클래식 블랙,남,상의
235,1993스튜디오,빈티지 반 집업_네이비,남 여,상의
236,엄브로,나일론메탈 피스테 블랙 (UN321CWT82),남 여,상의
237,배드블러드,BSC 싸커 캠프 패널 맨투맨 - 블랙,남 여,상의
238,시티브리즈,링클 프리 베이직 셔츠_WHITE,여,상의
239,프렌다,PRDA DENIM PATCH CREWNECK TEE BLACK,여,상의
240,프라이,코튼 블렌디드 슬로건 니트(LIGHT GREY),남 여,상의
241,에이카화이트,BIG AECA CROCHET HALF SLEEVE KNIT-BLUE,남,상의
242,노앙,LONELY/LOVELY SHORT SLEEVE T SHIRT GRAY NAVY,남,상의
243,트릴리온,워셔블 하프 집업 카라넥 하찌 니트 (PURE BLACK),남 여,상의
244,필루미네이트,오버핏 아치 로고 스웨트 셔츠-크림,남 여,상의
245,반스,반스Ⅹ하리보 플리스 풀오버 - 블랙 / VN0008FKBLK1,남,상의
246,꼼파뇨,Mad Hoppi 피그먼트 반팔티 더스티핑크,여,상의
247,골스튜디오,FC STONE WASHED HOODIE-DARK NAVY,남 여,상의
248,지프,1941 스몰 와펜 맨투맨 (JN6TSU804NA),남 여,상의
249,노앙,LONELY/LOVELY SHORT SLEEVE T SHIRT WHITE BURGUNDY,남,상의
250,브라운브레스,TAG KP TEE - WHITE,남 여,상의
251,비바스튜디오,BLACK CAT TEE [WHITE],남 여,상의
252,스톤아일랜드,남성 로고 패치 코튼 저지 반소매 티셔츠 - 화이트 / 761521957V0003,남,상의
253,밀로,드로우 카라 니트 [블랙],남 여,상의
254,아웃스탠딩,REVERSE HEAVY HOOD  SWEAT_3% MELANGE GRAY,남 여,상의
255,럭키마르쉐,Essential Half Zip Sweat Shirts (for Unisex)_QUTAX23201IVX,여,상의
256,예일,(23SS) EMBROIDERY HANDSOME DAN STRIPE LS BLACK,남 여,상의
257,쿠어,그런지 크루넥 스웨터 (베이비퍼플),남 여,상의
258,리,[22SS] 빅 트위치 로고 티셔츠 Green,남,상의
259,예스아이씨,C-Logo Tee Black,남,상의
260,엘무드,화란 세미오버 니트 크림,남 여,상의
261,제멋,[패키지] 핀스 오버핏 카라 반팔티 2PACK YHST2354,남,상의
262,세터,몬타라 슬릿 케이블 풀오버 니트 보헤미안 오트밀,남,상의
263,폴로 랄프 로렌,커스텀 슬림 핏 코튼 티셔츠 - 화이트,남,상의
264,스컬프터,Kitten Boxy Tee [WHITE],여,상의
265,라코스테,여성 스트라이프 반팔 티셔츠 [네이비],여,상의
266,클로브,[23SS clove] Terry Half-Zip Sweatshirt (Light Grey),여,상의
267,크럼프,크롬 우븐 피스테 [라이트그레이],남,상의
268,슈퍼서브,테니스 하프 집업 조거 세트 -라이트그레이,남 여,상의
269,코드그라피,[쿨코튼] CGP 스몰로고 2PACK 티셔츠,남,상의
270,리,[22SS] 빅 트위치 로고 티셔츠 Red,남,상의
271,유니온블루,EDITOR SHIRT (FOG),남,상의
272,메종미네드,REVERSIBLE COLOURWAY KNIT IVORY,남,상의
273,애습,인사이드 턱인 셔츠 화이트,남,상의
274,지오다노,243801 코튼 져지 크루넥 3pcs 패키지,남,상의
275,브렌슨,[패키지] 릴렉스드 더블코튼 카라 긴팔티,남,상의
276,폴로 랄프 로렌,커스텀 슬림핏 로고 저지 티셔츠 - 네이비,남,상의
277,아던트소울,하드쮸리 베이직 맨투맨(블랙),남,상의
278,니티드,[니티드X깡스타일리스트] 코튼 미니멀 라운드 니트 IVORY,남,상의
279,알렉산더 맥퀸,여성 그래피티 로고 반소매 티셔츠 - 블랙 / 608614QZAD30415,여,상의
280,에스피오나지,Surfin Heavy Weight Tee Off White,남 여,상의
281,랩12,23S/S 오버핏 피케티셔츠 (블랙),남,상의
282,수아레,케이블 카라 반팔 니트 - 6 COLOR,남,상의
283,아웃스탠딩,V.S.C TEE (OLYMPIA)_WHITE,남 여,상의
284,메종미네드,BUTTER CREAM KNIT HALF SHIRTS,남,상의
285,에스피오나지,Denim Over Shirts Light Washed,남 여,상의
286,그루브라임,[패키지] NYC LOCATION HOOD T-SHIRTS (13COLOR) [LRQSCTH331M],남 여,상의
287,에이카화이트,BIG AECA CROCHET HALF SLEEVE KNIT-BLUE,남,상의
288,리,[22SS] 빅트위치 루즈핏 긴팔티셔츠 White,남,상의
289,에즈카톤,올스타 웜업 네이비 KMMT6671,남,상의
290,디스커버리 익스페디션,여성 소냐리 스포츠 반팔 트레이닝 맨투맨 (BLACK),여,상의
291,말렌,unisex half henlyneck shirts beige,남,상의
292,인사일런스,린넨 코튼 니트 후디 BLACK,남,상의
293,반스,반스Ⅹ하리보 OS 후드 티셔츠 - 스카이 블루 / VN00045SSKY1,여,상의
294,그루브라임,[패키지] ANNIVERSARY 3PACK T-SHIRTS EDITION,남,상의
295,마뗑킴,CUTTED LOGO CROP TOP IN WHITE,여,상의
296,세인트제임스,Meridien U Elbow Patch (N0I) ASJM2312023-N0I,남 여,상의
297,1993스튜디오,90S 트랙 스웨트셔츠_퍼플,남 여,상의
298,예일,(23SS) [ONEMILE WEAR] 2PACK OVERSIZED SS SHIRT WHITE / BLUE,남 여,상의
299,벌스데이수트,JOBS SWEAT (GREY),남,상의
300,마인드브릿지,[COMMON]린넨혼방셔츠- 5color MXWS3120,남,상의
301,토마스모어,TD5-SH07 페이퍼셔츠-라벤더,남 여,상의
302,벤힛,[패키지]그래픽 2PACK 디자인 반팔티 5종,남 여,상의
303,팀코믹스,COSMICA MEXICO SS BLACK,남 여,상의
304,마르디 메크르디,TSHIRT FLOWERMARDI BLOSSOM_OATMEAL BLACK,여,상의
305,샤카웨어,[2PACK] 7.5oz 가먼트다이 오버핏 무지 반팔 티셔츠,남 여,상의
306,팀코믹스,COSMICA MEXICO SS WHITE,남 여,상의
307,비바스튜디오,JUST LOOK HOODIE [MAROON],남 여,상의
308,비바스튜디오,VS08 PLAYER TEE [BLACK],남,상의
309,달링유어배드,ROSE SYMBOL CROP SHIRT #BLACK,여,상의
310,커버낫,C 로고 맨투맨 블랙,남 여,상의
311,건지 울른스,나그랑 크루넥 코튼 스웨터 - 애쉬,남,상의
312,리트리버클럽,RRC SOCCER CREWNECK [NAVY],남 여,상의
313,쿠어,스트라이프 크래프트 플리츠 셔츠 (블루),남 여,상의
314,유니온블루,SUNDAY SHIRT (FOG),남,상의
315,노앙,LONELY/LOVELY FLUFF SWEATSHIRT ASH GRAY,남,상의
316,브라운브레스,TAG HOODIE - ASH,남 여,상의
317,라퍼지스토어,[SS Ver.]헤비 코튼 오버 럭비 맨투맨_Melange Gray,남 여,상의
318,프라이,코튼 블렌디드 슬로건 니트(LIGHT GREY),남 여,상의
319,스포티앤리치,공용 헬스 앤 웰니스 맨투맨 - 크림 / CR483CR,남 여,상의
320,리바이스,그래픽 링거 미니 티셔츠_A3523-0005,여,상의
321,앤더슨벨,(에센셜) 유니섹스 뉴 AB 프린트 티셔츠 atb897u(WHITE),남,상의
322,게인스보로,로럴골든 하프집업_화이트멜란지,남 여,상의
323,토피,섬머 데님 셔츠 자켓 (R.INDIGO),남,상의
324,와릿이즌,샴브레이 셔츠 블랙,남,상의
325,슈퍼서브,클럽 레플리카 스웻셔츠 [블랙],남 여,상의
326,파르티멘토,[처비][미들 테리] 스트링 스웨트셔츠 차콜,남,상의
327,그루브라임,[패키지] 2PACK TAELOR SERIES T-SHIRTS (3 STYLE) [LRRMCTA312M/LRRMCTA313M/LRRMCTA314M],남,상의
328,슬로우애시드,[UNISEX] PETIT 부클후드티 (멜란지 화이트),여,상의
329,무신사 스탠다드,[쿨탠다드] 크루 넥 긴팔 티셔츠 2팩,남,상의
330,플루크,슬램로고 하프 스웨트 셋업 라이트베이지 FST354FSP354,남,상의
331,와릿이즌,[22SS] ANGEL WAPPEN STRIPE LONG SLEEVE BLUE,남 여,상의
332,디스이즈네버댓,Blurred Hoodie Forest,남,상의
333,슬로우애시드,[UNISEX] PETIT 부클후드티 (옐로우),여,상의
334,팔렛,세렝게TEE 차콜,남 여,상의
335,코드그라피,CGP 아치 로고 후디_네이비,남 여,상의
336,캘빈클라인 진,여 화이트 모노그램 릴렉스핏 크롭 반팔 티셔츠 J221836 YAF,여,상의
337,예일,(23SS) EMBROIDERY HANDSOME DAN STRIPE LS BLACK,남 여,상의
338,세터,카프리 시트론 드로잉 썸머 그래픽 반팔 티셔츠 아이보리,남,상의
339,노앙,LONELY/LOVELY SHORT SLEEVE T SHIRT GRAY NAVY,남,상의
340,와릿이즌,WT 사커 져지 블랙,남 여,상의
341,라코스테,남성 오버핏 밀라노 솔리드 티셔츠 TH442E-53G 031,남,상의
342,수아레,린넨 라이크 카라 하프 니트 - 8 COLOR,남,상의
343,스텀피니,UNIFORM JERSEY TOP_BEIGE,여,상의
344,밈더워드로브,블러 플라워 티셔츠_화이트,남,상의
345,1993스튜디오,빈티지 트랙 저지 롱 슬리브_블랙,남 여,상의
346,인사일런스,루즈핏 포플린 셔츠 CREAM,남,상의
347,꼼파뇨,슈팅 로고 레글런 스웨트셔츠 베이지브라운,여,상의
348,코드그라피,[3PACK] CGP 시티보이 워싱 데님 셔츠 셋업,남,상의
349,소버먼트,950g solid mtm-deep black-[오버핏],남,상의
350,꼼파뇨,Dont Cry Teddy 피그먼트 반팔티 스모크블랙,여,상의
351,페플,[패키지] 메테오 heavyweight 그라운드 후드 2PACK JDHD1383,남,상의
352,슈퍼서브,하프 집업 반팔 스웻셔츠 쇼츠 세트 [4 Colors],남 여,상의
353,캉골,스포츠 클럽 맨투맨 1719 카키,남,상의
354,마인드브릿지,[YOUTH]린넨아우터형셔츠 - 2color MXWS3151,남,상의
355,예일,JACQUARD BABY UNIVERSITY DAN KNIT CREWNECK NAVY,남 여,상의
356,프리즘웍스,OG HEAVYWEIGHT PULLOVER HOODY _ BLACK,남,상의
357,폴로 랄프 로렌,클래식 핏 폴로 스포츠 티셔츠-화이트,남,상의
358,캘빈클라인 진,"남 릴렉스핏 아카이브 로고 반팔 티셔츠 (화이트,블랙,그레이,블루,옐로우,브라운 6color) 40HM229",남,상의
359,디스이즈네버댓,(SS22) DSN-Logo Tee White,남 여,상의
360,인사일런스,솔리드 오픈 칼라 니트 BLACK,남,상의
361,노앙,LONELY/LOVELY SHORT SLEEVE T SHIRT WHITE BURGUNDY,남,상의
362,레터프롬문,트루 스트라이프 오버핏 셔츠 ( 화이트 ),여,상의
363,인템포무드,트위드 크루넥 니트웨어_레몬블랙,남,상의
364,코드그라피,[SET] (긴바지 OR 반바지 선택) 90S CGP 믹스 배색 후디 셋업_네이비,남,상의
365,세터,리벳 아플리케 포켓 로고 후드 오가닉블랙,남,상의
366,틸 아이 다이,Raccoon V-neck knit top [2color],여,상의
367,아티스트웨어,[ATW X 아트랩차차] 드렁큰 후드,남 여,상의
368,인템포무드,트위드 크루넥 니트웨어_아이스블루,남,상의
369,티아즈,[UNISEX] 45수 특양면 옆트임 오버핏 반팔티 (화이트),남,상의
370,라퍼지스토어,[23SS Ver.]시티보이 빅오버 옥스포드 셔츠_Off White,남 여,상의
371,스컬프터,Kitten Boxy Tee [WHITE],여,상의
372,라퍼지스토어,[23SS Ver.]시티보이 빅오버 옥스포드 셔츠_Royal Blue,남 여,상의
373,밀로,드로우 카라 니트 [블랙],남 여,상의
374,시티브리즈,링클 프리 베이직 셔츠_WHITE,여,상의
375,에스피오나지,OG Logo 80s Fit Hoodie Light Grey,남 여,상의
376,이벳필드,EBFD 베츠 반팔 티셔츠 블루,남 여,상의
377,무신사 스탠다드,베이식 피케 폴로 셔츠 [블랙],남,상의
378,리트리버클럽,RETRIEVER FRIENDS SHORT SLEEVE [WHITE],남 여,상의
379,로라로라,CROP COLLAR SHIRT WHITE,여,상의
380,반스,반스Ⅹ하리보 플리스 풀오버 - 블랙 / VN0008FKBLK1,남,상의
381,폴로 랄프 로렌,커스텀 슬림 핏 코튼 티셔츠 - 화이트,남,상의
382,수아레,[2PACK] 유니섹스 365 반팔티 세트,남,상의
383,벌스데이수트,JOBS SWEAT (BLUE),남,상의
384,필루미네이트,오버핏 아치 로고 스웨트 셔츠-와인,남,상의
385,커버낫,라인 서퍼맨 티셔츠 네이비,남 여,상의
386,지프,1941 빅로고 프린팅 맨투맨 (JN6TSU803BE),남 여,상의
387,셀리테일즈,SHIRRING HOOD BLOUSE_PINK,여,상의
388,엔비에이,CHI 빅프린트 나시 티셔츠_블랙,남,상의
389,디스이즈네버댓,Brushed Paint Tee White,남,상의
390,골스튜디오,FC STONE WASHED HOODIE-DARK NAVY,남 여,상의
391,마뗑킴,VELOUR STITCH CROP TOP IN GREY,여,상의
392,디스이즈네버댓,T-Logo S/S Jersey Polo Light Olive,남,상의
393,오디너리홀리데이,데님 크롭 반팔 셔츠 [BLUE],여,상의
394,온앤온,Jacquard Half-Up Kntiwear Top NEK3MP108,여,상의
395,드로우핏,드레이퍼리 레이스 셔츠 [WHITE],남,상의
396,에이카화이트,AECA CLOVER CROCHET KNIT-WHITE,남,상의
397,디스이즈네버댓,T-Logo Tee White,남,상의
398,선데이오프클럽,Dog rangers short sleeve - White,남,상의
399,마하그리드,DON’T PANIC PIGMENT SWEATSHIRT CHARCOAL(MG2DSMM441A),남 여,상의
400,그로브,로이즈 슬리브리스 탑 (5color),여,상의
401,유니온블루,LAUNDRY SHIRT (CHARCOAL),남,상의
402,유앤엘씨,Waffle Helyneck Drop Shoulder Sleeve(3color),남,상의
403,비바스튜디오,RETRIEVER SHORT SLEEVE [NAVY],남,상의
404,르마드,울 세미오버 사선 라운드 니트 - 라이트카키,남,상의
405,드로우핏,리버릭 리브드 니트 티셔츠 [BLACK],남,상의
406,제멋,헤이즈 오버핏 스웨트셔츠 [쭈리/기모] 블랙 KJMT2369 / KJMT2400,남,상의
407,커버낫,아치 로고 티셔츠 화이트,남 여,상의
408,피지컬 에듀케이션 디파트먼트,PHYPS® STRAWBERRY HOODIE OATMEAL,남 여,상의
409,러브이즈트루,DN BOUCLE LOVE KNIT(IVORY),여,상의
410,브렌슨,Essential 오버핏 후드 트레이닝 셋업,남,상의
411,피지컬 에듀케이션 디파트먼트,PHYPS® STRAWBERRY SS WHITE / PINK,남 여,상의
412,코드그라피,[SET] CGP 아치 로고 반팔 크루넥 셋업_네이비,남 여,상의
413,루루,FISH DAMAGE KNIT&CHOKER SET [CREAM],여,상의
414,필루미네이트,오버핏 아치 로고 스웨트 셔츠-멜란지 그레이,남 여,상의
415,네스티팬시클럽,[PPG X FANCY] 라이처스 프렌즈 레글런 롱슬리브 (PURPLE)_F23PG1007,여,상의
416,필루미네이트,오버핏 그래피티 로고 후디-멜란지그레이,남 여,상의
417,더콜디스트모먼트,TCM ai gallery long sleeve,남 여,상의
418,파르티멘토,오버사이즈 스톤 워싱 데님 셔츠 블랙,남 여,상의
419,비전스트릿웨어,VSW Brushed Checker Knit Black,남 여,상의
420,로맨틱 파이어리츠,C.r.e.a.m Hoody (Gray),남,상의
421,아코스튜디오스페이스,AQO BEAR WAFFLE SET UP,여,상의
422,디파이클럽로버스,Punk sisters,남 여,상의
423,러브이즈트루,DN STAR LOGO TEE(CHARCOAL),여,상의
424,에스피오나지,Knitted Polo Shirts Burnt Orange,남 여,상의
425,슬릭앤이지,빅 셔츠 스카이,남,상의
426,멜란지 마스터,오버 핏 스트라이프 럭비 셔츠 [네이비/그린],남,상의
427,트래블,캠프 바시티 피그먼트 스웨트셔츠 블루 섀도우,남 여,상의
428,러프사이드,Shirring Shirt Grey,남,상의
429,수아레,부클 카라 반팔 니트 - 5 COLOR,남,상의
430,나이스고스트클럽,[논기모]나마스테 스켈레톤 후디_핑크(NG2DSUM403A),남,상의
431,인더스트,바이오워싱 시티보이 데님셔츠_2컬러,남,상의
432,브라바도,ACDC RNR TRAIN (BRENT2103),남,상의
433,예일,(23SS) EMBROIDERY UNIVERSITY DAN TEE NAVY,남 여,상의
434,에스피오나지,EG Paratroops Tee Off White,남 여,상의
435,팀코믹스,COMIX SOCCER JERSEY CREWNECK NAVY,남 여,상의
436,엘엠씨,LMC BRUSHED ARCH KNIT SWEATER cream,남,상의
437,디스이즈네버댓,Argyle S/S Knit Polo Blue,남,상의
438,커버낫,스몰 아치 로고 맨투맨 오트밀,남,상의
439,커스텀어클락,[2PACK]쿨 린넨라이크 카라or라운드 숏 슬리브 니트SET,남,상의
440,나체,CUT-OUT SLIM FIT LONG SLEEVE (CREAM),여,상의
441,유니폼브릿지,line L/S crew neck tee black,남,상의
442,브라운브레스,TAG HOODIE - BLACK,남 여,상의
443,프리즘웍스,SHIRRING WORK SHIRT _ INDIGO,남,상의
444,라퍼지 포 우먼,[Package][Woman]클래식 세미 오버핏 옥스포드 셔츠_8 Color,여,상의
445,드로우핏,[드로우핏X깡스타일리스트] 페이퍼 코튼 오버핏 셔츠 [WHITE],남,상의
446,폴로 랄프 로렌,커스텀 슬림핏 메시 폴로 셔츠 - 그레이,남,상의
447,토마스모어,TD1-TS01 래글런 스웻 셔츠-오트밀멜란지,남,상의
448,그루브라임,HERE COMES THE SUN T-SHIRTS (WHITE) [LRRMCTA338M],남,상의
449,수아레,ST 라운드 쿨 니트 - 5 COLOR,남,상의
0,아웃스탠딩,O X A B-6 MOUTON JACKET,남,아우터
1,폴로 랄프 로렌,[MUSINSA EXCLUSIVE] 뉴욕 복싱 클럽 새틴 바시티 리버시블 재킷 - 블랙,남 여,아우터
2,낫포너드,Tribal Logo Nylon Racing Jacket - White,남,아우터
3,지프,1941 스몰로고 후드집업 (JN6TZU300BK),남,아우터
4,아크테릭스 베일런스,[SS22] 블레이저 LT 남성,남,아우터
5,노스페이스,NJ3BP10J 화이트라벨 아이스런 자켓,남,아우터
6,토마스모어,TD5-JP01 탱커블루종-블랙,남,아우터
7,무신사 스탠다드,우먼즈 오버사이즈 블레이저 [블랙],여,아우터
8,브랜디드,2001 SLOW WORKER DENIM WASH. JACKET [BLACK INDIGO],남,아우터
9,윈더,SLASHED UTILITY VEST - NAVY BLACK,남,아우터
10,포터리,Wool Sports Jacket British Hard Wool Gabardine Cloth (Dark Gray),남,아우터
11,도프제이슨,오버핏 비건레더 싱글 자켓,남,아우터
12,코드그라피,워시드 코튼 후드 집업_4color,남 여,아우터
13,이에이,BOARDER PADDIED JUMPER Purple,남,아우터
14,코드그라피,[SET] 2-WAY 테크 숏 자켓 셋업_블랙,남,아우터
15,아디다스,락업 트랙탑 - 블랙 / H41391,남,아우터
16,에이치덱스,메탈 나일론 트랙자켓 라이트 블랙,남,아우터
17,엠엘비,베이직 미디움 로고 울 바시티자켓 NY (Mg.Green),남 여,아우터
18,에스피오나지,Ray Yacht Parka Black,남 여,아우터
19,넌블랭크,[SAINT YEAR] 세미 오버 핏 셋업 수트_GREY,남,아우터
20,코드그라피,[SET] 테크 워셔 후드 셋업_블랙,남 여,아우터
21,라퍼지스토어,[Summer Ver.][SET UP]라이트 웨더 풀오버 후드 아노락&데일리쇼츠 셋업_Neon Lime,남 여,아우터
22,쿠어,플리츠 후드 집업 (블랙),남 여,아우터
23,레테르코모,빅 어워드 스타디움 울 바시티자켓 블랙,남 여,아우터
24,코드그라피,2-WAY 테크 숏 자켓_그레이,남 여,아우터
25,드로우핏,리에디션 써지 울 블루종 자켓 [OAT GREY],남,아우터
26,디미트리블랙,(올시즌) 2WAY 어센틱 후드 윈드브레이커 자켓_블랙,남 여,아우터
27,무신사 스탠다드,오버사이즈 블레이저 [블랙],남,아우터
28,아르반,2WAY 스냅 블루종_아이보리,남 여,아우터
29,코드그라피,[SET] 2-WAY 테크 숏 자켓 셋업_그레이,남 여,아우터
30,코드그라피,테크 나일론 후드 바람막이 자켓_7color,남,아우터
31,코드그라피,2-WAY 테크 숏 자켓_블랙,남 여,아우터
32,무신사 스탠다드,베이식 블레이저 [블랙],남,아우터
33,드로우핏,리에디션 써지 울 블루종 자켓 [BLACK],남,아우터
34,메종미네드,CRACK COATING BLAZER BROWN,남,아우터
35,커버낫,스몰 어센틱 로고 후디 집업 멜란지 그레이,남 여,아우터
36,낫포너드,Tribal Logo Nylon Racing Jacket - Black,남,아우터
37,수아레,코듀로이 드리즐러 자켓 브라운,남,아우터
38,토피,2WAY 스웻 후드 집업 (MELANGE GREY),남 여,아우터
39,노매뉴얼,PENON WIND SHELL - BLACK,남 여,아우터
40,무신사 스탠다드,오버사이즈 블레이저 [미디엄 그레이],남,아우터
41,고낙,샴브레이 트러커 자켓 (다크네이비),남,아우터
42,비욘드클로젯,노맨틱 히든 라이닝 HQ 블레이저 자켓 블랙,남 여,아우터
43,무신사 스탠다드,릴렉스드 데님 트러커 재킷 [워시드 블랙],남,아우터
44,코드그라피,[SET] 테크 워셔 후드 셋업_라이트그레이,남 여,아우터
45,마인드브릿지,[YOUTH]면트윌트러커 - 2color MXJP2150,남,아우터
46,드로우핏,코튼 트윌 스트링 자켓 [BLACK],남,아우터
47,노드 아카이브,레이지 싱글 자켓 (딥 네이비),남,아우터
48,어반디타입,[ 리뉴얼 ]아노락 쓰리피스 풀 셋업_블랙,남 여,아우터
49,노스페이스,NJ3BP03K 화이트라벨 올레마 자켓,남,아우터
50,엘무드,트랙 램스킨 라이더 자켓 블랙,남,아우터
51,애니타임로릭,Zinnia Mix Jacket-Black,남,아우터
52,본챔스,HONES+ 로고 벌룬핏 투웨이 후드 집업 B23ST02GY,남,아우터
53,세터,몰턴 투톤 트위드 자켓 리조트 블루,남,아우터
54,이에이,BLEND JUMPER Lemon,남,아우터
55,무신사 스탠다드,오버사이즈 블레이저 [네이비],남,아우터
56,코드그라피,레더 피쉬테일 자켓_블랙,남,아우터
57,수아레,헤리티지 블레이저 시리즈,남,아우터
58,라퍼지스토어,윈드셀 반집업 후드 아노락 자켓_Cream,남 여,아우터
59,네이키드서프클럽,페트 리사이클 드라이코트,남,아우터
60,엘무드,화란 세미오버 가디건 블랙,남 여,아우터
61,프리즘웍스,BUDDY HARRINGTON JACKET _ FOREST GREEN,남,아우터
62,플랙,깡스타일리스트 X 플랙 자켓 K45 미드 블루,남,아우터
63,트릴리온,워싱 스티치 데님자켓 (BLACK),남 여,아우터
64,엄브로,클래식 스탠넥 아노락 블랙(UO221CWT41),남 여,아우터
65,메종미네드,PINCH WIND DENIM TRUCKER BLACK,남,아우터
66,메종미네드,INDIGO JACK DENIM TRUCKER,남,아우터
67,무신사 스탠다드,릴렉스드 베이식 블레이저 [미디엄 그레이],남,아우터
68,애드오프,BACK FLASH WAYNE HOOD JUMPER BURGUNDY,남 여,아우터
69,카파,카파 남성 배색 아노락 자켓 P231DMJK352,남,아우터
70,스노우피크 어패럴,S23MMRWB62 루트 베이직 바람막이 Light Khaki,남,아우터
71,엠엘비,베이직 미디움 로고 바람막이 NY (Black),남 여,아우터
72,무신사 스탠다드,릴렉스드 베이식 블레이저 [블랙],남,아우터
73,엠엘비,여성 베이직 미디움 로고 바람막이 NY (Black),여,아우터
74,엠엘비,베이직 미디움 로고 아노락 NY (Black),남 여,아우터
75,네스티팬시클럽,[NF] 제스트 스티치 후드 집업 (BLACK)_F23QB461,여,아우터
76,제멋,리치 오버 MA-1 자켓 블랙 YHJK2269,남,아우터
77,일꼬르소,벌룬핏 미니멀 데님 점퍼 블루 IEJU3E212B2,남,아우터
78,토피,2WAY 스웻 후드 집업 (BLACK),남 여,아우터
79,스튜디오 톰보이,[MEN] 에코레더 후드 디터쳐블 점퍼 _9153161122_블랙,남,아우터
80,뉴발란스,NBNAD22413 / UNI 경량 컬러블록 웜업자켓 (BLACK),남,아우터
81,데꼬로소,레귤러핏 투버튼 셋업 [차콜],남,아우터
82,노스페이스,NJ3BP03J 화이트라벨 올레마 자켓,남,아우터
83,엄브로,Wembley 후드 아노락 스위트콘 (UN421CWTO2),남 여,아우터
84,베리베인,GAFF TEX CARDIGAN (BLACK),남,아우터
85,인사일런스 우먼,오버사이즈 컷오프 린넨 자켓 CHARCOAL,여,아우터
86,스파오,라이트 패커블 윈드브레이커_SPJJD25C21,남 여,아우터
87,리,라이더스 바시티 자켓 네이비,남 여,아우터
88,미쏘,트러커형 숏 점퍼 MIWJJD411C,여,아우터
89,노클,Hooded Parka Ivory,남,아우터
90,트릴리온,워싱 스티치 데님자켓 (BLACK),남 여,아우터
91,코드그라피,[SET] 테크 워셔 후드 셋업_라이트그레이,남 여,아우터
92,디스이즈네버댓,GORE-TEX Paclite Pullover Black,남 여,아우터
93,메종미네드,EPAULET SHORT TRUCKER BLACK,남,아우터
94,세터,테오 코튼 올 데이 후드 집업 멜란지 아이보리,남 여,아우터
95,커버낫,후디 레이어드 MA-1 자켓 라이트 그레이,남,아우터
96,노스페이스,NJ3BP10K 화이트라벨 아이스런 자켓,남,아우터
97,모디파이드,[버전 추가] 글렌체크 싱글 블레이져 (브라운) M1770,남,아우터
98,유니폼브릿지,22ss swedish military motorcycle jacket black,남,아우터
99,코드그라피,[SET] 테크 워셔 후드 셋업_블랙,남 여,아우터
100,효지노리코,[사계절] 에센셜 세미오버 수트 (그레이쉬 베이지)(세트상품),남,아우터
101,무신사 스탠다드,릴렉스드 베이식 블레이저 [더스티 베이지],남,아우터
102,일꼬르소,[일꼬르소X미즈노] 유틸리티 테크 후드 점퍼 블루 IEJU3E702B2,남,아우터
103,엄브로,딜라이트 스탠넥 웜업자켓 풋살 블루 (UO121CJK31),남 여,아우터
104,엘무드,오디너리 크롭 가디건 블랙,남 여,아우터
105,엄브로,슈퍼 벤틸레이션 스탠넥 아노락 플래티넘 베이지(UO121SWT21),남 여,아우터
106,컨셉원,073511 LW 블레이저 02LHG,남,아우터
107,내셔널지오그래픽,N231WPD920 여성 리카온 간절기 패딩 점퍼 OAK,여,아우터
108,더니트컴퍼니,[SET] 23SS 쿨맥스 위버쿨 자켓 & 쿨맥스 테이퍼드핏  슬랙스,남,아우터
109,디미트리블랙,[여름용] 2WAY 나일론 메탈 후드 윈드브레이커 자켓_메탈 그레이,남 여,아우터
110,쿠어,테일 드로스트링 윈드브레이커 (터콰이즈),남 여,아우터
111,르마드,오버핏 싱글 비건레더 자켓 - 브라운,남,아우터
112,맨인정글,[MIJ] 브루노 린넨 싱글 자켓 - 올리브,남,아우터
113,폴로 랄프 로렌,바이스윙 윈드브레이커 - 베이지,남,아우터
114,네스티팬시클럽,[NF] 플루터 후드 집업 (CHARCOAL)_F22ZA934,여,아우터
115,인사일런스,라이트웨이트 쉬어 블루종 LIGHT GREY,남,아우터
116,무신사 스탠다드,오버사이즈 블레이저 [블랙],남,아우터
117,뉴발란스,NBNAD22313 / UNI 컬러블록 웜업자켓 (MIX),남,아우터
118,레이브,Button Tweed Jacket in Navy VW2AJ090-23,여,아우터
119,메종미네드,BLACK WAVE DENIM PRINTING JACKET,남,아우터
120,엄브로,헤리티지 스탠드넥 아노락 그레이 (UN421CWTO1),남 여,아우터
121,폴로 랄프 로렌,포플린 후드 재킷 - 베이지,남,아우터
122,뉴발란스,NBNAD12323 / [STREET COURT] UNI N 플라잉 웜업자켓 (CREAM),남,아우터
123,엄브로,UK 헤리티지 스탠넥 자켓 딥네이비(UO121CJK28),남 여,아우터
124,폴로 랄프 로렌,포플린 후드 재킷 - 네이비,남,아우터
125,디스커버리 익스페디션,경량 아웃포켓 남성 자켓 (D/BLUE),남,아우터
126,에스피오나지,Ray Wind Parka Dove Grey,남 여,아우터
127,무신사 스탠다드,릴렉스드 베이식 블레이저 [네이비],남,아우터
128,폴로 랄프 로렌,발수 트윌 워킹 코트 - 네이비,남,아우터
129,무신사 스탠다드,엑스트라 오버사이즈 후디드 스웨트 집업 [멜란지 라이트 그레이],남,아우터
130,쿠어,탑필 캐시 울 카라 가디건 (블랙),남 여,아우터
131,무신사 스탠다드,후디드 스웨트 집업 [멜란지 그레이],남,아우터
132,노스페이스,NJ3BP10J 화이트라벨 아이스런 자켓,남,아우터
133,알리스,커브드 라인 바시티 윈드브레이커 자켓 [크림블랙],남,아우터
134,그린버터,Stripe Skashi Collar Cardigan (Ivory),여,아우터
135,벌스데이수트,TRUCKER JACKET (BEIGE),남,아우터
136,도프셉,FAUX Leather Hoodie Jumper in Brown,여,아우터
137,오아이오아이,버티컬 파이핑 바람막이_블랙,남 여,아우터
138,아웃스탠딩,HUNTING HOOD JACKET_ORANGE,남,아우터
139,노매뉴얼,PENON WIND SHELL - BLACK,남 여,아우터
140,인사일런스,[INSILENCE X KKST] 디태처블 울 블레이저 CHARCOAL,남,아우터
141,쿠어,크링클 플리츠 싱글코트 (블랙),남 여,아우터
142,낫포너드,Tribal Logo Nylon Racing Jacket - White,남,아우터
143,폴로 랄프 로렌,하이 파일 플리스 재킷 - 네이비,남,아우터
144,무신사 스탠다드,빅 대디 오버사이즈 블레이저 [미디엄 그레이],남,아우터
145,키뮤어,후디드 M-51 자켓_블랙,남 여,아우터
146,코드그라피,[SET] 2-WAY 테크 숏 자켓 셋업_그레이,남 여,아우터
147,247시리즈,컴포트 셋업 오버 자켓 MELANGE GRAY,남,아우터
148,비터셀즈,웨이브 스웨이드 자켓-블랙,여,아우터
149,코드그라피,CGP 아치 로고 후드 집업_블랙,남 여,아우터
150,메종미네드,WASHING DENIM SNAP HOOD BLUE,남,아우터
151,카비시,PICTORIAL ZIP UP HOODIE BLACK(CV2DSUM403A),남,아우터
152,노이어,오버핏 크롭 데님 자켓 (블랙),남,아우터
153,인사일런스,라이트웨이트 쉬어 블루종 BLACK,남,아우터
154,노매뉴얼,TRANSLUCENT HOODED JACKET - SAND YELLOW,남 여,아우터
155,라코스테,남성 링스링스 브이넥 가디건 [오프화이트],남,아우터
156,아티스트웨어,[ATW]오리지널 아노락 셋업,남 여,아우터
157,케즈,스티치 블루종 점퍼 (KD2JPF1101FNAY),여,아우터
158,트래블,고프 후드 윈드 브레이커 블랙,남 여,아우터
159,테이크이지,라쿠 베이스볼 오버자켓(네이비),남 여,아우터
160,쿠어,테리 오픈 칼라 가디건 (베이비블루),남 여,아우터
161,와릿이즌,엔젤 와펜 후드집업 그레이,남 여,아우터
162,널디,(21FW) DNA 블락 벨벳 트랙 세트 블랙,남,아우터
163,코드그라피,나일론 리치포켓 후드 바람막이_그레이,남,아우터
164,알파 인더스트리,L-2B 스카우트 Black,남 여,아우터
165,르마드,비건 레더 절개 자켓 - 브라운,남,아우터
166,디미트리블랙,(올시즌)2WAY 어센틱 후드 윈드브레이커 자켓_차콜그레이,남 여,아우터
167,레테르코모,빅 어워드 스타디움 울 바시티자켓 블랙,남 여,아우터
168,엄브로,UK 헤리티지 스탠넥 아노락 블랙(UO121CWT29),남 여,아우터
169,키뮤어,후디드 M-51 자켓_베이지,남 여,아우터
170,틸 아이 다이,Jeddy Bomber jacket_Charcoal,여,아우터
171,도프셉,FAUX Leather Highneck Jacket in Black,여,아우터
172,수아레,S/S 에센셜 라운드 니트 가디건 - 5 COLOR,남,아우터
173,드로우핏,모즈 울 오버사이즈 더블 블레이저 [BLACK],남,아우터
174,폴로 랄프 로렌,코튼 블렌드 카디건 - 블랙,여,아우터
175,노스페이스,NJ1DN69A 버몬트 다운 후디,남,아우터
176,라퍼지스토어,윈드셀 반집업 후드 아노락 자켓_Cream,남 여,아우터
177,인사일런스 우먼,알파카 크롭 카디건 BLACK,여,아우터
178,넌블랭크,세미 오버사이즈 핏 블레이저_DARK BROWN,남,아우터
179,예일,[YALE x DESCENTE] HEAVY-WEIGHT POCKET HOODIE ZIP UP NAVY,남 여,아우터
180,넌블랭크,오버사이즈 핏 울 블레이저_BLACK,남,아우터
181,코드그라피,[SET] 2-WAY 테크 숏 자켓 셋업_블랙,남,아우터
182,코드그라피,[SET] 2-WAY 테크 숏 자켓 셋업_차콜,남 여,아우터
183,네스티팬시클럽,[NF] 플루터 후드 집업 (CHARCOAL)_F22ZA934,여,아우터
184,노스페이스,NJ3BP03J 화이트라벨 올레마 자켓,남,아우터
185,집시,시티 바시티 자켓 -네이비-,남,아우터
186,디스커버리 익스페디션,윈드레이저 여성 바람막이 (BLACK),여,아우터
187,노매뉴얼,PENON WIND SHELL - KHAKI,남 여,아우터
188,디미트리블랙,HBT 커브스 캐주얼 수트 셋업_블랙,남,아우터
189,86로드,2724 Washing denim jacket (Black),남,아우터
190,코드그라피,[SET] 테크 워셔 후드 셋업_라이트그레이,남 여,아우터
191,쿠어,탑필 캐시 울 카라 가디건 (블랙),남 여,아우터
192,일꼬르소,[일꼬르소X미즈노] 유틸리티 테크 후드 점퍼 블루 IEJU3E702B2,남,아우터
193,이에이,OVERFIT 3BUTTON HIDDEN BLAZER Mud Brown,남,아우터
194,브랜디드,2001 SLOW WORKER DENIM WASH. JACKET [BLACK INDIGO],남,아우터
195,드로우핏,울 스타디움 라인 집업 자켓 [BLACK],남,아우터
196,그린버터,Stripe Skashi Collar Cardigan (Ivory),여,아우터
197,세터,테오 코튼 올 데이 후드 집업 멜란지 아이보리,남 여,아우터
198,맨인정글,[MIJ] 브루노 린넨 싱글 자켓 - 올리브,남,아우터
199,후브스,코튼 투웨이 벌룬 니트 집업 [네이비],남,아우터
200,오아이오아이,버티컬 파이핑 바람막이_블랙,남 여,아우터
201,도프셉,FAUX Leather Hoodie Jumper in Brown,여,아우터
202,아웃스탠딩,HUNTING HOOD JACKET_ORANGE,남,아우터
203,메종미네드,BLACK WAVE DENIM PRINTING JACKET,남,아우터
204,비터셀즈,웨이브 스웨이드 자켓-블랙,여,아우터
205,인사일런스,[INSILENCE X KKST] 디태처블 울 블레이저 CHARCOAL,남,아우터
206,1993스튜디오,오리지널 90S 바시티 자켓_블랙,남 여,아우터
207,키뮤어,커브드 오버핏 후드집업_그레이,남 여,아우터
208,레이브,Button Tweed Jacket in Navy VW2AJ090-23,여,아우터
209,인사일런스,크래프트 스카시 카디건 BLACK,남,아우터
210,무신사 스탠다드,하이넥 미니멀 블루종 재킷 [블랙],남,아우터
211,뉴발란스,NBNAD12323 / [STREET COURT] UNI N 플라잉 웜업자켓 (CREAM),남,아우터
212,플레이스 스튜디오,골덴 카라 크롭 바시티 스타디움 레더 배색 자켓 점퍼,여,아우터
213,예일,[2PACK] [AIRY] LIGHT RELAX FIT BLOUSON IVORY + TEE,남 여,아우터
214,라퍼지스토어,윈드셀 반집업 후드 아노락 자켓_Cream,남 여,아우터
215,무신사 스탠다드,릴렉스드 베이식 블레이저 [더스티 베이지],남,아우터
216,디스커버리 익스페디션,이노블럭 후드 남성 바람막이 (L/BLACK),남,아우터
217,도프제이슨,비건레더 밸런스 바시티 자켓 BLACK,남,아우터
218,아티스트웨어,[ATW]오리지널 아노락 셋업,남 여,아우터
219,디스커버리 익스페디션,경량 아웃포켓 남성 자켓 (D/BLUE),남,아우터
220,나이스고스트클럽,댄싱 스켈레톤 집 폴로 니트_블랙(NG2CFUK680A),남,아우터
221,노매뉴얼,TRANSLUCENT HOODED JACKET - SAND YELLOW,남 여,아우터
222,알리스,커브드 라인 바시티 윈드브레이커 자켓 [크림블랙],남,아우터
223,어반디타입,[ 리뉴얼 ] 아노락 쓰리피스 풀 셋업_민트 그레이,남 여,아우터
224,스파오,[프렌치테리] 루즈핏 2-WAY 후드집업_SPMZD12U01,남 여,아우터
225,엘무드,화란 세미오버 가디건 탄,남 여,아우터
226,메종미네드,FRONT FLAP RAW DENIM TRUCKER,남,아우터
227,네스티팬시클럽,[NF] 제스트 스티치 후드 집업 (BLACK)_F23QB461,여,아우터
228,아웃스탠딩,OUT PCU HOOD JACKET_BLACK,남,아우터
229,레테르코모,빅 어워드 스타디움 울 바시티자켓 블랙,남 여,아우터
230,키뮤어,커브드 미니멀 바람막이_블랙,남 여,아우터
231,더니트컴퍼니,[SET] 23SS 쿨맥스 위버쿨 자켓 & 쿨맥스 테이퍼드핏  슬랙스,남,아우터
232,알파 인더스트리,L-2B 스카우트 Black,남 여,아우터
233,스컬프터,Triple Stitched Windbreaker Black,남 여,아우터
234,테이크이지,라쿠 베이스볼 오버자켓(네이비),남 여,아우터
235,벌스데이수트,TRUCKER JACKET (BEIGE),남,아우터
236,모디파이드,글렌체크 싱글 블레이저 (브라운),남,아우터
237,르마드,로우컷 뒷밴딩 숏 자켓 - 인디 핑크,남,아우터
238,쿠어,테리 오픈 칼라 가디건 (베이비블루),남 여,아우터
239,러브이즈트루,VL 2-WAY CROP HOOD ZIP UP(BLACK),여,아우터
240,메종미네드,WASHING DENIM SNAP HOOD BLUE,남,아우터
241,무신사 스탠다드,CONE 플리츠 데님 트러커 재킷 [크림],남,아우터
242,케즈,스티치 블루종 점퍼 (KD2JPF1101FNAY),여,아우터
243,아디다스,빅 트레포일 쉐르파 재킷 - 블랙 / HR3180,남 여,아우터
244,노스페이스,NJ1DN69A 버몬트 다운 후디,남,아우터
245,예일,[YALE x DESCENTE] HEAVY-WEIGHT POCKET HOODIE ZIP UP NAVY,남 여,아우터
246,마리떼,NYLON GLOSSY JUMPER black,남,아우터
247,르마드,로우컷 뒷밴딩 숏 자켓 - 블랙,남,아우터
248,비바스튜디오,PUNK AESTHETIC HOOD VEST [WHITE],남,아우터
249,인사일런스,라이트웨이트 쉬어 블루종 BLACK,남,아우터
250,무신사 스탠다드,릴렉스드 데님 트러커 재킷 [워시드 블랙],남,아우터
251,엘무드,크로아상 블루종 점퍼 블랙,남,아우터
252,코드그라피,CGP 아치 로고 후드 집업_블랙,남 여,아우터
253,무신사 스탠다드,데님 드리즐러 재킷 [라이트 인디고],남,아우터
254,모디파이드,M1509 오버핏 베이지 맥코트,남,아우터
255,르마드,비건 레더 절개 자켓 - 브라운,남,아우터
256,라퍼지스토어,윈드셀 포켓 블루종 자켓_Black,남 여,아우터
257,노이아고,NOI853 배색 파이핑 윈드브레이커 (블랙),여,아우터
258,드로우핏,미니멀 소프트 울 자켓 [BLACK],남,아우터
259,오페,헤링본 코튼 하이넥 봄버 자켓 (크림),남,아우터
260,엄브로,UK 헤리티지 스탠넥 아노락 블랙(UO121CWT29),남 여,아우터
261,와릿이즌,바시티 자켓 블랙,남 여,아우터
262,트래블,3 레이어 써밋 후드 윈드 브레이커 사파이어 블루,남,아우터
263,폴로 랄프 로렌,바이스윙 윈드브레이커 - 베이지,남,아우터
264,에비던스,하이글로시 윈드 브레이커 재킷 [차콜],남,아우터
265,파르티멘토,[비건 레더] 디스트레스 페널 블루종 브라운,남 여,아우터
266,넌블랭크,세미 오버사이즈 핏 블레이저_DARK BROWN,남,아우터
267,틸 아이 다이,Jeddy Bomber jacket_Charcoal,여,아우터
268,도프셉,FAUX Leather Highneck Jacket in Black,여,아우터
269,제로,Vertical Clean Denim Trucker Jacket [Black],남 여,아우터
270,인사일런스,크로셰 칼라 카디건 IVORY,남,아우터
271,시그니처,세미오버핏 싱글 블레이저 자켓[검정],남,아우터
272,디미트리블랙,(올시즌) 2WAY 어센틱 후드 윈드브레이커 자켓_네이비,남 여,아우터
273,라퍼지스토어,윈드셀 포켓 블루종 자켓_Cream,남 여,아우터
274,네스티팬시클럽,[PPG X FANCY] 버블리 나일론 윈드브레이커 셋업 (CHARCOAL)_F23PG1004X1015,여,아우터
275,비터셀즈,에코 레더 레이싱 자켓-블랙,여,아우터
276,노스페이스,NJ3NN52B 루이스 온볼 스탠드넥 자켓,남,아우터
277,아이러니포르노 화이트라인,[비건스웨이드] 크루얼티프리 알파 스웨이드 자켓 iro097 블랙,남 여,아우터
278,휠라,컬러블럭킹 아노락(FE2JKF5103XNAY),남 여,아우터
279,낫포너드,Tribal Logo Nylon Racing Jacket - White,남,아우터
280,톤즈,세미 오버 싱글 블레이져(BK),남 여,아우터
281,무신사 스탠다드,엑스트라 오버사이즈 후디드 스웨트 집업 [멜란지 라이트 그레이],남,아우터
282,에스피오나지,Ray Yacht Parka Black,남 여,아우터
283,무신사 스탠다드,우먼즈 오버사이즈 블레이저 [미디엄 그레이],여,아우터
284,디스이즈네버댓,E/T-Logo Knit Cardigan Navy,남 여,아우터
285,노스페이스,NJ3BP01L 화이트라벨 맨톤 자켓,남,아우터
286,커버낫,PERTEX 패커블 윈드브레이커 자켓 블랙,남 여,아우터
287,무신사 스탠다드,빅 대디 오버사이즈 블레이저 [블랙],남,아우터
288,디미트리블랙,(2023.ver) 사이드픽스 슈팅 수트 셋업_블랙,남,아우터
289,폴로 랄프 로렌,포플린 후드 재킷 - 베이지,남,아우터
290,폴로 랄프 로렌,포플린 후드 재킷 - 네이비,남,아우터
291,예일,REVERSIBLE NO COLLOR BOA FLEECE JACKET BEIGE / IVORY,남 여,아우터
292,피지컬 에듀케이션 디파트먼트,PHYPS® STAR TAIL LOGO HOODIE ZIP UP OATMEAL,남 여,아우터
293,무신사 스탠다드,릴렉스드 베이식 블레이저 [네이비],남,아우터
294,폴로 랄프 로렌,발수 트윌 워킹 코트 - 네이비,남,아우터
295,엔에프엘,F232UWJ327 엔드존 자켓 LGREY,남,아우터
296,아웃스탠딩,FISHING CARGO JACKET_IVORY,남,아우터
297,코드그라피,[SET] UBC 2-WAY 테크 셋업_블랙,남,아우터
298,무신사 스탠다드,우먼즈 크롭 블레이저 [블랙],여,아우터
299,시티브리즈,울 케이블 니트 집업 가디건_GREY,여,아우터
300,코드그라피,나일론 리치포켓 후드 바람막이_그레이,남,아우터
301,코드그라피,RAW 데님 유틸리티 카라 블루종_인디고,남,아우터
302,티떠블유엔,인첸트먼트 자켓 네이비 JYOT3468,남,아우터
303,아노블리어,오버핏 크롭 카라 가디건 [네이비],남,아우터
304,로라로라,V NECK CABLE CARDIGAN NAVY,여,아우터
305,수아레,캠브리지 세미 오버 블레이저,남,아우터
306,인사일런스 우먼,알파카 크롭 카디건 BLACK,여,아우터
307,무신사 스탠다드,릴렉스드 데님 트러커 재킷 [미디엄 인디고],남,아우터
308,247시리즈,컴포트 셋업 오버 자켓 MELANGE GRAY,남,아우터
309,콜릿,WOMEN 오버핏 블레이저 [블랙],여,아우터
310,프리즘웍스,BUDDY HARRINGTON JACKET _ NAVY,남,아우터
311,세터,파로 오버 사이즈 부클 가디건 네이비 피오니,남,아우터
312,크럼프,리플렉티브 윈드 자켓 [블루그린],여,아우터
313,쿠어,크링클 플리츠 싱글코트 (블랙),남 여,아우터
314,247시리즈,컴포트 셋업 오버 자켓 BLACK,남,아우터
315,폴로 랄프 로렌,하이 파일 플리스 재킷 - 네이비,남,아우터
316,도프제이슨,워싱레더 헤리티지 싱글 자켓,남,아우터
317,모디파이드,M1709 오버핏 블레이저 (블랙),남,아우터
318,에이카화이트,THE ORIGIN COLLAR SWEAT-BLACK,남,아우터
319,알리스,플렉시블 베이직 니트 후드 집업 [블랙],남,아우터
320,마틴플랜,Wool Zip Blouson - BROWN,남,아우터
321,노티카,YACHT JACKET 004 NAVY,남,아우터
322,수아레,헤리티지 블레이저 시리즈,남,아우터
323,시야쥬,SI TP 5036 Crop Hood Zip-up_Melange gray,여,아우터
324,라퍼지스토어,[SET UP]립스탑 오버핏 코치 자켓&파라슈트 팬츠 셋업_Beige,남 여,아우터
325,캉골,Light Trench Coat 6504 NAVY,남,아우터
326,라퍼지스토어,윈드셀 하프집업 아노락셔츠_Charcoal,남 여,아우터
327,엄브로,에센셜 후드집업 그레이 (UO121CFT19),남 여,아우터
328,스컬프터,Openwork Stitch Jacket Pale Gray,여,아우터
329,슬릭앤이지,로키재킷 OG 블랙,남 여,아우터
330,라코스테,남성 링스링스 브이넥 가디건 [오프화이트],남,아우터
331,레테르코모,시티보이 브이넥 니트베스트_블랙,남 여,아우터
332,엑스톤즈,XTK037 보운 니트 집업 (BLACK),남,아우터
333,나이스고스트클럽,쓰리스타 파이핑 트랙수트 자켓_블랙(NG2DSUB962A),남,아우터
334,피지컬 에듀케이션 디파트먼트,PHYPS® STAR TAIL LOGO HOODIE ZIP UP NAVY,남 여,아우터
335,플레이스 스튜디오,오버사이즈 유틸리티 코튼 블루종 집업 자켓 [블랙],남 여,아우터
336,토피,2WAY 크롭 스웻 후드 집업 (MELANGE GREY),여,아우터
337,트릴리온,코튼 트윌 리벳 블루종 집업 자켓 (BLACK),남 여,아우터
338,무신사 스탠다드,릴렉스드 베이식 블레이저 [더스티 크림],남,아우터
339,어반디타입,[ 리뉴얼 ]아노락 쓰리피스 풀 셋업_차콜,남 여,아우터
340,마인드브릿지,양가죽후드점퍼 MULT2101,남,아우터
341,챔피온,[US] C로고 패커블 나일론 아노락 (WHITE) CKJA3F003WT,남,아우터
342,플레이스 스튜디오,비건 레더 오버핏 블루종 [블랙],남 여,아우터
343,비슬로우,[스탠다드]22SS LOOSE FIT SHORT ZIP-UP JACKET BROWN,남,아우터
344,언에디트,Sophei Knit Cadigan_Ivory,여,아우터
345,프렌다,SWEAT VARSITY JACKET NAVY,여,아우터
346,널디,(21FW) DNA 블락 벨벳 트랙 세트 블랙,남,아우터
347,오아이오아이,버티컬 파이핑 크롭 바람막이_라이트 블루,여,아우터
348,코드그라피,2-WAY 유틸리티 MA-1 자켓_그레이,남,아우터
349,무신사 스탠다드,울 블렌드 오버사이즈 블레이저 [네이비],남,아우터
350,엑스트라오디너리,B.S.C COACH JACKET,남,아우터
351,코드그라피,2-WAY 테크 숏 자켓_크림,남,아우터
352,제이미웨스트,조쉬 윈드브레이커 (그레이),남,아우터
353,디스이즈네버댓,Full Zip Cardigan Grey,남 여,아우터
354,폴로 랄프 로렌,코튼 블렌드 카디건 - 블랙,여,아우터
355,비터셀즈,하트 케이블 가디건-핑크,여,아우터
356,엘무드,화란 세미오버 가디건 클라우드 그레이,남 여,아우터
357,드로우핏,모즈 울 오버사이즈 더블 블레이저 [BLACK],남,아우터
358,스파오,배색 윈드브레이커_SPJJD23C21,남 여,아우터
359,프리즘웍스,NYCO HOODED M51 FISHTAIL PARKA _ OLIVE,남,아우터
360,소버먼트,980g pigment CUT hoody zip up-chacoal-,남,아우터
361,에스피오나지,Mountain Wind Parka Black,남 여,아우터
362,유니폼브릿지,22ss raf mk3 jacket black,남,아우터
363,제로,Vertical Clean Denim Trucker Jacket [Black],남 여,아우터
364,라퍼지스토어,윈드셀 포켓 블루종 자켓_Cream,남 여,아우터
365,노스페이스,NJ1DN69A 버몬트 다운 후디,남,아우터
366,톤즈,세미 오버 싱글 블레이져(BK),남 여,아우터
367,스파오,자수 바시티 점퍼_SPJAD23G91,여,아우터
368,노스페이스,NJ3BN81J 화이트라벨 여성 유틸리티 롱 셔켓,여,아우터
369,디스이즈네버댓,GORE-TEX Paclite Pullover Black,남 여,아우터
370,아웃스탠딩,OUT PCU HOOD JACKET_BLACK,남,아우터
371,뉴발란스,NBNAD12323 / [STREET COURT] UNI N 플라잉 웜업자켓 (CREAM),남,아우터
372,일꼬르소,[일꼬르소X미즈노] 유틸리티 테크 후드 점퍼 블루 IEJU3E702B2,남,아우터
373,무신사 스탠다드,헤비웨이트 오버사이즈 후디드 스웨트 집업 [미디엄 그레이],남,아우터
374,비터셀즈,에코 레더 레이싱 자켓-블랙,여,아우터
375,어반드레스,Balloon Ribbed Cardigan CHARCOAL,여,아우터
376,모디파이드,M1509 오버핏 베이지 맥코트,남,아우터
377,무신사 스탠다드,릴렉스드 베이식 블레이저 [더스티 베이지],남,아우터
378,노이아고,NOI853 배색 파이핑 윈드브레이커 (블랙),여,아우터
379,커버낫,숏 퀼팅 자켓 블랙,남,아우터
380,예일,REVERSIBLE NO COLLOR BOA FLEECE JACKET BEIGE / IVORY,남 여,아우터
381,세터,테오 코튼 올 데이 후드 집업 멜란지 그레이,남 여,아우터
382,아웃스탠딩,FISHING CARGO JACKET_IVORY,남,아우터
383,와릿이즌,엔젤 와펜 트랙자켓 블랙,남 여,아우터
384,오페,헤링본 코튼 하이넥 봄버 자켓 (크림),남,아우터
385,파르티멘토,드레이프 바시티 자켓 네이비,남,아우터
386,코드그라피,RAW 데님 유틸리티 카라 블루종_인디고,남,아우터
387,인사일런스,울 오버사이즈 드랍 블레이저 BLACK,남,아우터
388,토피,라이트웨이트 윈드 점퍼 (LIGHT GREY),남,아우터
389,아디다스,3 스트라이프 윈드브레이커 - 블랙 / HB9489,남,아우터
390,메종미네드,BLACK WAVE DENIM PRINTING JACKET,남,아우터
391,시티브리즈,울 케이블 니트 집업 가디건_GREY,여,아우터
392,키르시,위티 버니 와펜 후드 집업 [멜란지 그레이],여,아우터
393,로라로라,V NECK CABLE CARDIGAN NAVY,여,아우터
394,데이,소프트 쿨 린넨 자켓_NATURAL,남,아우터
395,티떠블유엔,인첸트먼트 자켓 네이비 JYOT3468,남,아우터
396,리,트위치 로고 후드집업 블랙,남 여,아우터
397,러브이즈트루,DN DETAIL CARDIGAN(BLACK),여,아우터
398,수아레,콤브 코튼 니트 베스트 - 4 COLOR,남,아우터
399,크럼프,리플렉티브 윈드 자켓 [블루그린],여,아우터
400,콜릿,WOMEN 오버핏 블레이저 [블랙],여,아우터
401,예일,2 TONE ARCH HOODIE ZIP UP GRAY,남 여,아우터
402,맨인정글,[MIJ] 브루노 린넨 싱글 자켓 - 올리브,남,아우터
403,휠라,컬러블럭킹 아노락(FE2JKF5103XNAY),남 여,아우터
404,무신사 스탠다드,우먼즈 오픈 칼라 크롭 블레이저 [블랙],여,아우터
405,메종미네드,FRONT FLAP RAW DENIM TRUCKER,남,아우터
406,아이러니포르노 화이트라인,[비건레더] 쇼트 블레이저 레더 자켓 IRO142 블랙,남 여,아우터
407,넌블랭크,[SAINT YEAR] 세미 오버 핏 셋업 수트_GREY,남,아우터
408,마틴플랜,Wool Zip Blouson - BROWN,남,아우터
409,커버낫,PERTEX 패커블 윈드브레이커 자켓 블랙,남 여,아우터
410,노스페이스,NJ3NN52B 루이스 온볼 스탠드넥 자켓,남,아우터
411,알리스,커브드 라인 바시티 윈드브레이커 자켓 [크림블랙],남,아우터
412,시야쥬,SI TP 5036 Crop Hood Zip-up_Melange gray,여,아우터
413,라퍼지스토어,[SET UP]립스탑 오버핏 코치 자켓&파라슈트 팬츠 셋업_Beige,남 여,아우터
414,키뮤어,코튼 워셔블 하찌 2-WAY 집업니트 가디건_오트밀,남 여,아우터
415,레이브,Button Tweed Jacket in Navy VW2AJ090-23,여,아우터
416,키뮤어,코튼 워셔블 하찌 2-WAY 집업니트 가디건_화이트 멜란지,남 여,아우터
417,디미트리블랙,(2023.ver) 사이드픽스 슈팅 수트 셋업_블랙,남,아우터
418,리,스몰 트위치 로고 에어로웜 루즈핏 후드집업 블랙,남 여,아우터
419,어반드레스,스티치 데님 자켓 블랙,남 여,아우터
420,캉골,Light Trench Coat 6504 NAVY,남,아우터
421,코드그라피,[SET] UBC 2-WAY 테크 셋업_블랙,남,아우터
422,라퍼지스토어,리플렉 파이핑 바시티 자켓_Black,남 여,아우터
423,레이피커스,오리지널 로고 후드 윈드브레이커 GREY (MM1JU028-048),남,아우터
424,던스트 포 우먼,UNISEX CREST LOGO COLLAR ZIP-UP BLOUSON COBALT BLUE_UDTS3A118B2,여,아우터
425,감마갤러리,멀티 집업 자켓,남,아우터
426,디스커버리 익스페디션,경량 아웃포켓 남성 자켓 (D/BLUE),남,아우터
427,에잇세컨즈,밑단 스트링 베스트  그레이 (123339DY12),여,아우터
428,와릿이즌,엔젤 와펜 가디건 블랙,남 여,아우터
429,플레이스 스튜디오,오버사이즈 유틸리티 코튼 블루종 집업 자켓 [블랙],남 여,아우터
430,파르티멘토,[비건 레더] 디스트레스 페널 블루종 브라운,남 여,아우터
431,타게토,컷 아웃 후드 집업_블랙,여,아우터
432,프렌다,SWEAT VARSITY JACKET NAVY,여,아우터
433,케즈,스티치 블루종 점퍼 (KD2JPF1101FNAY),여,아우터
434,컨셉트컬리지,빅패치 블랙 아이보리 야구자켓 / 바시티자켓 (남녀공용),여,아우터
435,라퍼지스토어,버핑레더 미니멀 포켓 블루종_Black,남 여,아우터
436,아디다스,숏 쉐르파 재킷 - 블랙:화이트:핑크 / HR3455,여,아우터
437,스파오,베이직 퍼플리스 집업_SPFZC4TU01,남 여,아우터
438,모디파이드,M1709 오버핏 블레이저 (블랙),남,아우터
439,다이아몬드 레이라,Flap Pocket Zip-up Jacket J19 Midnight Navy,남 여,아우터
440,솔티,3R2B Cotton Washed Jacket (Brown),남,아우터
441,어반드레스,[SET] AV LOGO CROP HOOD ZIP-UP SET-UP,여,아우터
442,플레이스 스튜디오,오버사이즈 블루종 레더 배색 바시티 자켓 점퍼 [블랙],남 여,아우터
443,머슬암드,액티브 테크 자켓 2color,남,아우터
444,솔티,3R2B Cotton Washed Jacket (Ivory),남,아우터
445,비슬로우,[스탠다드]22SS LOOSE FIT SHORT ZIP-UP JACKET BROWN,남,아우터
446,트릴리온,에센셜 미니멀 트러커 자켓 (BROWN),남,아우터
447,엘무드,화란 세미오버 가디건 클라우드 그레이,남 여,아우터
448,아노블리어,오버핏 크롭 카라 가디건 [라이트 그레이],남,아우터
449,인사일런스,라이트웨이트 쉬어 블루종 BLACK,남,아우터
0,코드그라피,[패키지][써머ver] 쿨 나일론 스트링 팬츠,남 여,하의
1,999휴머니티,나일론 이지 팬츠 (블랙),남 여,하의
2,지프,1941 스몰 와펜 조거팬츠 (JN6TSU900BK),남,하의
3,무신사 스탠다드,스트레이트 데님 팬츠 [라이트 인디고],남,하의
4,토피,와이드 데님 팬츠 (LIGHT BLUE),남,하의
5,브랜디드,609 HARD TWIST DENIM VINTAGE MOCHA JEANS [WIDE STRAIGHT],남,하의
6,이티씨이,UNBALANCED CARGO PANTS Ⅱ (BLACK),남,하의
7,브랜디드,1967 JET BLACK JEANS [WIDE STRAIGHT],남,하의
8,제로,Deep One Tuck Sweat Shorts [Grey],남,하의
9,가까이 유니언즈,원턱 와이드 스웨트팬츠 그레이,남,하의
10,어널러코드,사계절 스트링 트레이닝팬츠 (그레이),남 여,하의
11,굿라이프웍스,[여름원단] 와이드 빅포켓 밴딩 카고 팬츠 진베이지,남 여,하의
12,브렌슨,[패키지] 와이드핏 트레이닝 스웨트 팬츠,남,하의
13,엑스톤즈,XP127 셔링 카고 팬츠 (BLACK),남 여,하의
14,제로,Deep One Tuck Sweat Pants [Black],남,하의
15,이에이,FLAG TRACK PANTS Black,남,하의
16,시그니처,더블턱 와이드 슬랙스[블랙],남,하의
17,어널러코드,사계절 스트링 트레이닝팬츠 (블랙),남 여,하의
18,트릴리온,바이오스톤 워싱 와이드 데님 팬츠 (BEIGE BLUE),남 여,하의
19,무신사 스탠다드,세미 와이드 히든 밴딩 슬랙스 [블랙],남,하의
20,낫포너드,Nylon Racing Pants - Black,남,하의
21,코드그라피,[SET][기본핏+레귤러핏 선택] 크리스피 나일론 쇼츠 -13컬러,남 여,하의
22,굿라이프웍스,[여름원단] 와이드 빅포켓 밴딩 카고 팬츠 카키,남 여,하의
23,세븐셀라,세미와이드 카고조거 스토퍼 Black,남,하의
24,플랙,스텝 M23 라이트 블루,남,하의
25,네스티팬시클럽,[NF] 유틸리티 나일론 후드 셋업_F23QB468XQD843,여,하의
26,노이어,코튼-나일론 파라슈트 팬츠 (블랙),남,하의
27,아디다스,아디브레이크 팬츠 - 블랙 / GN2807,여,하의
28,무신사 스탠다드,스트레이트 데님 팬츠 [크림],남,하의
29,제로,Deep One Tuck Sweat Pants [Grey],남,하의
30,쿠어,데님믹스 나일론 트랙 팬츠 (스틸그레이),남 여,하의
31,모드나인,Blue Specter - MOD7w,남,하의
32,모드나인,Turn me On - MOD7w,남,하의
33,토피,와이드 데님 팬츠 (R.BLACK),남,하의
34,낫포너드,Wide String Cargo Slacks Pants Black,남,하의
35,더바이닐하우스,FLIGHT DENIM PANTS BLACK,남 여,하의
36,세터,가봉 데님 버뮤다 팬츠 라이트 블루,남,하의
37,오버듀플레어,Lace trim jumpsuite,여,하의
38,더그린랩,릴렉스드 스웻팬츠 [블랙],남,하의
39,감마갤러리,[8COLOR] 파라슈트 팬츠,남,하의
40,모드나인,Black Diamond - MOD1s,남,하의
41,노이어,와이드 데님 팬츠 (블랙),남,하의
42,굿라이프웍스,이지 와이드 데님 팬츠 그레이,남 여,하의
43,테이크이지,우먼스 월계수 와이드팬츠(블랙),여,하의
44,엑스트라오디너리,UTILITY 2 PANTS CHARCOAL,남 여,하의
45,낫포너드,Nylon Cargo Wide Pants - Light Grey,남,하의
46,노클,001 Nylon Pants Black,남,하의
47,비슬로우,ONE TUCK CURVED JEAN_IVORY,남,하의
48,후러브스아트,유니섹스 세미 와이드 밴딩 슬랙스,남 여,하의
49,쿠어,자카드 와이드 레그 팬츠 (블랙),남,하의
50,쿠어,유틸리티 지퍼 플랩 팬츠 (차콜그레이),남 여,하의
51,굿라이프웍스,와이드 절개 벌룬팬츠 코튼 카키,남 여,하의
52,폴로 랄프 로렌,클래식 핏 폴로 프렙스터 - 옐로우,남,하의
53,제로,Classic Sweat Pants [Black],남,하의
54,포터리,Wool Tapered Pants British Hard Wool Gabardine Cloth (Dark Gray),남,하의
55,어반스터프,듀러블 롱 벌룬 팬츠 (인디고),남 여,하의
56,무신사 스탠다드,와이드 히든 밴딩 슬랙스 [미디엄 그레이],남,하의
57,디키즈,레귤러핏 874 팬츠 - 블랙,남 여,하의
58,모드나인,Blue Stardust - MOD1w,남,하의
59,가터갤러리,BASIC WIDE SWEATPANTS 1+1 PACKAGE,남,하의
60,모드나인,Midnight Awakening - MOD1w,남,하의
61,더바이닐하우스,FLIGHT DENIM PANTS BLUE,남 여,하의
62,인사일런스,테크니컬 엠보코튼 팬츠 ECRU,남,하의
63,세터,브루클린 뉴트로 와이드 워시드 팬츠 라이트 블루,남,하의
64,수아레,린넨 라이크 세미 와이드 밴딩 팬츠 세트,남,하의
65,인사일런스 우먼,컬러 데님 카고 팬츠 ASH BEIGE,여,하의
66,플랙,칸디아니 스티즈 051Z 로우,남,하의
67,낫포너드,Banding One Tuck Wide Denim Pants - Deep Blue,남,하의
68,엑스트라오디너리,UTILITY RIPSTOP PANTS BEIGE,남,하의
69,라퍼지스토어,[Package][23SS Ver.] 클래식 테이퍼드 와이드 원턱 린넨 팬츠_9Color,남 여,하의
70,엑스톤즈,XP138 파스텔 데님 카고 팬츠 (PINK),남 여,하의
71,엑스트라오디너리,UTILITY RIPSTOP PANTS BLACK,남,하의
72,제멋,유스 와이드 카고팬츠 4종 블랙 YHLP2159,남,하의
73,내셔널지오그래픽,N231MPT940 멀티 카고 포켓 봄 스트링 팬츠 CARBON BLACK,남,하의
74,수아레,세미 와이드 치노 팬츠 - 5 COLOR,남,하의
75,노운,wide tapered chino pants (black),남,하의
76,엑스트라오디너리,CARGO RIPSTOP PANTS  WOODLAND CAMO,남,하의
77,프리즘웍스,CHINO WIDE FATIGUE PANTS _ BEIGE,남,하의
78,쿠어,셔링 컴벳 트라우져 (베이지),남 여,하의
79,엑스톤즈,XP127 셔링 카고 팬츠 (KHAKI),남 여,하의
80,스모크라이즈,PELE PELE JEANS,남,하의
81,노우웨이브,코튼 왁스 빅 포켓 카고 팬츠 KNP017m(KHAKI),남,하의
82,엑스트라오디너리,W CARGO PANTS  BLACK,여,하의
83,포트너스,Two Tuck Wide Black Jeans,남,하의
84,인사일런스,CALIK 파라슈트 와이드 진 WASHED BLACK,남,하의
85,인플레이션,Brush Painted Circle Pant,남,하의
86,브랜디드,1974 CIRCLE JEANS [REGULAR STRAIGHT],남,하의
87,프렌다,COMFORT SEEKING CARGO JOGGER PANTS CHARCOAL,여,하의
88,브랜디드,1968 HIMALAYA JEANS [WIDE STRAIGHT],남,하의
89,노이어,코튼-나일론 파라슈트 팬츠 (크림),남,하의
90,오호스,2-way 플리츠 스커트 팬츠 / 블랙,여,하의
91,어널러코드,사계절 스트링 트레이닝팬츠 (블랙),남 여,하의
92,모드나인,Black Inferno - MOD7w,남,하의
93,마뗑킴,COTTON CARGO CAPRI PANTS IN BLACK,여,하의
94,무신사 스탠다드,라운지 스웨트 팬츠 [멜란지 그레이],남,하의
95,브랜디드,1880 PURE CREAM JEANS [WIDE STRAIGHT],남,하의
96,키르시,컬렉션 컷 오프 카고 포켓 팬츠 [아이보리],여,하의
97,토피,모어 와이드 데님 팬츠 (BLEACH),남,하의
98,메종미네드,UTILITY PATCH CARGO PANTS BLACK,남,하의
99,네스티팬시클럽,[NF] 플루터 트레이닝 셋업 (CHARCOAL)_F22ZA934XC825,여,하의
100,인템포무드,레이지보이 벌룬 핏 데님_딥블루,남,하의
101,디미트리블랙,[여름용](VLAD) 워터프루프 와이드 카고 팬츠_블랙,남 여,하의
102,그라미치,루즈테이퍼드 팬츠 Chino,남 여,하의
103,모드나인,Black Moon - MOD1,남,하의
104,페이탈리즘,Tydi crop jeans #0064,남,하의
105,쿠어,테크니컬 카고 데님 팬츠 (인디고),남 여,하의
106,데밀,LOT.026DML 헐리우드 슬림 데님 LOVED,남,하의
107,노앙,INDIGO ENGINEERED DENIM PANTS INDIGO,여,하의
108,제멋,[패키지] 스콘 와이드 벌룬팬츠 2PACK YHLP2350,남,하의
109,굿라이프웍스,이지 와이드 밴딩 슬랙스 블랙,남 여,하의
110,굿라이프웍스,이지 와이드 데님 팬츠 그레이,남 여,하의
111,더블유브이프로젝트,[패키지] 로너 와이드 코튼팬츠 2PACK JJLP7639,남,하의
112,무신사 스탠다드,우먼즈 릴렉스드 라운지 스웨트 팬츠 [블랙],여,하의
113,파브레가,에어 파라슈트 세미 와이드 팬츠 (차콜),남,하의
114,그라미치,루즈테이퍼드 팬츠 Taupe,남 여,하의
115,무신사 스탠다드,젠더리스 와이드 밴딩 슬랙스 [블랙],남 여,하의
116,굿라이프웍스,[여름원단] 와이드 빅포켓 밴딩 카고 팬츠 블랙,남 여,하의
117,비긴202,One Tuck Wide Slacks Denim,남,하의
118,브랜디드,610 HISHITOMO SUVIN GOLD INDIGO 1WASH JEANS [RELAX STRAIGHT],남,하의
119,제로,Deep One Tuck Sweat Pants [Khaki],남,하의
120,그루브라임,[패키지] BASIC HALF PANTS (13COLOR) [LRQMCPH701M],남 여,하의
121,무신사 스탠다드,우먼즈 플랫 테리 와이드 라운지 스웨트 팬츠 [블랙],여,하의
122,골든베어,Pocket detail One tuck Pants (for Women)_G5PAM23521NYX,남,하의
123,무신사 스탠다드,코튼 와이드 벌룬 팬츠 [블랙],남,하의
124,그라미치,루즈테이퍼드 팬츠 Dark Brown,남 여,하의
125,노드 아카이브,와이드 테이퍼드 치노 팬츠 (라이트 카키),남,하의
126,아디다스,락업 트랙팬츠 - 블랙 / H41387,남,하의
127,토피,SL01 섬머 데님 와이드 팬츠 (BLEACH),남,하의
128,그라미치,루즈테이퍼드 팬츠 Gravel Grey,남 여,하의
129,마리떼,W X-POCKET TAPERED DENIM PANTS light blue,여,하의
130,엑스톤즈,XP67 오키드 청해지 팬츠 (BLACK),남 여,하의
131,브렌슨,미니멀 트레이닝 essential 원턱 반바지 (멜란지),남,하의
132,코드그라피,[SET][기본핏+레귤러핏 선택] 소프트 코튼 에센셜 쇼츠,남 여,하의
133,아워스코프,Parabola Line Cargo Pants (Light Beige),남,하의
134,마틴플랜,Web Wide Denim - BLACK,남,하의
135,굿라이프웍스,투턱 와이드 워시드 데님 팬츠 워시드인디고,남 여,하의
136,브랜디드,51054 CONE BLACK MYSTIC JEANS [EXTRA WIDE STRAIGHT],남,하의
137,플레어업,Obtuse Triangle Flap Pants - Black (FL-226),남,하의
138,제로,Deep One Tuck Sweat Pants [Grey],남,하의
139,수아레,[2PACK] 린넨 라이크 세미 와이드 OR 테이퍼드 밴딩 팬츠 세트,남,하의
140,그라미치,팬츠 Black,남 여,하의
141,노앙,BANDING SWEAT PANTS OATMEAL,남,하의
142,스컬프터,Wide Paratrooper Cargo Pants Charcoal,남 여,하의
143,디미트리블랙,[여름용](VLAD) 워터프루프 와이드 카고 팬츠_차콜그레이,남 여,하의
144,프리즘웍스,CARGO STRING PANTS _ BLACK,남,하의
145,후러브스아트,[기모추가] 유니섹스 세미 와이드 밴딩 슬랙스 아이보리,남,하의
146,플랙,깡스타일리스트 X 플랙 스티즈 K46 로우,남,하의
147,굿라이프웍스,와이드 절개 벌룬팬츠 코튼 블랙,남 여,하의
148,메종미네드,UNION DETACHABLE DENIM PANTS,남,하의
149,낫포너드,Wide String Cargo Slacks Pants - Ivory,남,하의
150,모드나인,Essential Blue - MOD7ww,남,하의
151,비슬로우,23SS ONE TUCK WASHED BELTED PANTS ECRU,남,하의
152,무신사 스탠다드,세미 와이드 히든 밴딩 슬랙스 [미디엄 그레이],남,하의
153,드로우핏,리에디션 뉴 스트레이트 데님 팬츠 [ASHED MIDDLE BLUE],남,하의
154,그라미치,루즈테이퍼드 팬츠 Black,남 여,하의
155,테이크이지,우먼스 월계수 와이드팬츠(블랙),여,하의
156,러닝하이,투 톤 카고 팬츠 [카키 베이지],남 여,하의
157,알파 인더스트리,코튼 조거 팬츠 Woodland Camo,남,하의
158,플랙,셋업 스텝 051V 아이보리,남,하의
159,제로,Deep One Tuck Sweat Shorts [Black],남,하의
160,토피,와이드 데님 팬츠 (WASHED BLUE BLACK),남,하의
161,샌드 사운드,Two Faced Pants  Gray,여,하의
162,에스피오나지,Cliff Relaxed Denim Pants Light Indigo,남 여,하의
163,모드나인,Until Dusk - MOD7,남,하의
164,무신사 스탠다드,원 턱 레귤러 핏 치노 팬츠 [카키],남,하의
165,플랙,깡스타일리스트 X 플랙 베를린 K47 딥 블루,남,하의
166,그라미치,루즈테이퍼드 팬츠 Greige,남 여,하의
167,인템포무드,커브드 와이드 데님 팬츠_크림,남,하의
168,제멋,유스 와이드 카고팬츠 4종 블랙 YHLP2159,남,하의
169,제멋,리퀴드 와이드 벌룬 데님팬츠 웨스턴블루 SOLP2460,남,하의
170,수아레,린넨 데님 세미 와이드 밴딩 팬츠 - 3 COLOR,남,하의
171,디키즈,레귤러핏 874 팬츠 - 블랙,남 여,하의
172,노클,001 Nylon Pants Black,남,하의
173,제로,Nylon Deep One Tuck String Pants [3 Colors],남,하의
174,스케이터락,Pigment cotton cargo string wide pants beige,남 여,하의
175,리바이스,LVC 1955 501® 진_50155-0079,남,하의
176,그라미치,와이드 팬츠 Black,남 여,하의
177,브랜디드,51061 KURABO WHITE HEAVEN JEANS [EXTRA WIDE STRAIGHT],남,하의
178,아디다스,아디브레이크 트랙 팬츠 W - 블랙 / IB5924,여,하의
179,모드나인,Blue Color Uniform - MOD7w,남,하의
180,디어미,스트링 밴딩 포켓 팬츠 [블랙],여,하의
181,감마갤러리,[8COLOR] 파라슈트 팬츠,남,하의
182,모드나인,Way Out - MOD7s,남,하의
183,위캔더스,DENIM SHORTS (L.DENIM),남 여,하의
184,수아레,린넨 데님 세미 와이드 밴딩 팬츠 - 3 COLOR,남,하의
185,키르시,컬렉션 컷 오프 카고 포켓 팬츠 [아이보리],여,하의
186,인템포무드,레이지보이 벌룬 핏 데님_페이디드블루,남,하의
187,엑스톤즈,XP127 셔링 카고 팬츠 (KHAKI),남 여,하의
188,인템포무드,커브드 와이드 데님 팬츠_크림,남,하의
189,애드오프,CARGO WIDE FLASH PANTS BLACK,남,하의
190,디미트리블랙,(올시즌) 투턱 와이드 데님 팬츠_크림,남 여,하의
191,무신사 스탠다드,리얼 와이드 벨티드 슬랙스 [미디엄 그레이],남,하의
192,모드나인,Toms Remains - MOD7w,남,하의
193,그라미치,루즈테이퍼드 팬츠 Chino,남 여,하의
194,폴로 랄프 로렌,로고 플리스 쇼츠 - 그레이,여,하의
195,굿라이프웍스,린넨라이크 이지 와이드 데님 팬츠 딥인디고,남 여,하의
196,모드나인,Blue Stardust - MOD1w,남,하의
197,클라코,나일론 사이드 지퍼팬츠 (블랙),남,하의
198,모드나인,Black Moon - MOD1,남,하의
199,드로우핏,[드로우핏X깡스타일리스트] 원턱 밴딩 쿨 린넨 테이퍼드 슬랙스 [BLACK],남,하의
200,데밀,LOT.026DML 헐리우드 슬림 데님 LOVED,남,하의
201,아카이브 볼드,RACING DENIM PANTS (BLUE),남,하의
202,키뮤어,투턱 버뮤다 에드 데님 쇼츠_4 COLOR,남 여,하의
203,논플로어,러프 컷 버뮤다 팬츠,남 여,하의
204,비긴202,One Tuck Wide Slacks Denim,남,하의
205,무신사 스탠다드,우먼즈 플랫 테리 와이드 라운지 스웨트 팬츠 [미디엄 그레이],여,하의
206,디젤,여성 1969 D 에비 데님 팬츠 - 다크 블루 / A0361509B9001,여,하의
207,비슬로우,CONE MILL DEEP ONE TUCK JEAN_LIGHT WASHED,남,하의
208,모드나인,Black Inferno - MOD7w,남,하의
209,낫포너드,Ripstop Utility Cargo Pants - Black,남,하의
210,오호스,2-way 플리츠 스커트 팬츠 / 블랙,여,하의
211,플랙,깡스타일리스트 X 플랙 베를린 K47 딥 블루,남,하의
212,메종미네드,UTILITY PATCH CARGO PANTS BLACK,남,하의
213,아캄,Knee Pin-tuck Printed Denim Pants (Black),남,하의
214,그라미치,루즈테이퍼드 팬츠 Taupe,남 여,하의
215,모드나인,Black Dog - MOD6,남,하의
216,판도라핏,[WIDE] Armad Jeans,여,하의
217,무신사 스탠다드,레귤러 핏 데님 팬츠 [크림],남,하의
218,무신사 스탠다드,레귤러 핏 데님 팬츠 [스카이 블루],남,하의
219,아웃스탠딩,OUT BELTED CARGO PANTS_OLIVE,남,하의
220,86로드,REAL WIDE ONE TUCK DENIM RAW BLACK / WIDE,남,하의
221,브렌슨,미니멀 트레이닝 essential 원턱 반바지 (멜란지),남,하의
222,마뗑킴,COTTON CARGO CAPRI PANTS IN BLACK,여,하의
223,모드나인,Reflection One - MOD7s,남,하의
224,리,와이드 코듀라 RAW 데님팬츠 인디고 로우,남 여,하의
225,인템포무드,레이지보이 벌룬 핏 데님_딥블루,남,하의
226,노매뉴얼,RAW EDGE DENIM SHORTS - BLUE,남 여,하의
227,인템포무드,커브드 와이드 데님 팬츠_라이트블루,남,하의
228,247시리즈,세미 와이드 스트레이트 데님 LIGHT BLUE,남,하의
229,트릴리온,바이오스톤 워싱 와이드 데님 팬츠 (BLUE GRAY),남 여,하의
230,브렌슨,[패키지] 와이드핏 트레이닝 스웨트 팬츠,남,하의
231,락케이크,트라이벌 2way 조거 팬츠 - 블랙,여,하의
232,캔캔,하이웨이스트 플레어진 파일럿,여,하의
233,캔캔,하이웨이스트 플레어 진 케틴,여,하의
234,굿라이프웍스,와이드 워시드 카고 데님 팬츠 미디움 인디고,남 여,하의
235,더블유브이프로젝트,[패키지] 로너 와이드 코튼팬츠 2PACK JJLP7639,남,하의
236,세븐셀라,세미와이드 카고조거 스토퍼 Black,남,하의
237,네스티팬시클럽,[NF] 유틸리티 나일론 후드 셋업_F23QB468XQD843,여,하의
238,그리너리 크리드,[PACKAGE] 와이드 테이퍼드 원턱 린넨 팬츠 4컬러 / P017,남,하의
239,엑스톤즈,XP67 오키드 청해지 팬츠 (BLACK),남 여,하의
240,그라미치,루즈테이퍼드 팬츠 Dark Brown,남 여,하의
241,노원엘스,Big Star Straight Jeans,여,하의
242,스트라이크,엘리건트 리넨 트라우저스 (KHAKI),남,하의
243,쿠어,테크니컬 카고 데님 팬츠 (인디고),남 여,하의
244,그라미치,루즈테이퍼드 팬츠 Gravel Grey,남 여,하의
245,마리떼,W X-POCKET TAPERED DENIM PANTS light blue,여,하의
246,드로우핏,[드로우핏X깡스타일리스트] 원턱 밴딩 쿨 린넨 테이퍼드 슬랙스 [OATMEAL],남,하의
247,비슬로우,23SS ONE TUCK BANDING DENIM LIKE PANTS INDIGO,남,하의
248,마틴플랜,Web Wide Denim - BLACK,남,하의
249,제로,Classic Sweat Pants [Grey],남,하의
250,파브레가,에어 파라슈트 세미 와이드 팬츠 (차콜),남,하의
251,데케트,Mid Rise Wide Jeans DCPT027LightBlueCenter,남,하의
252,와이엠씨엘케이와이,US M-51 Field Cargo Pants - Olive,남,하의
253,토피,모어 와이드 데님 팬츠 (BLEACH),남,하의
254,피아네르,[2장 세트] 에센셜 세미 와이드 스웨트팬츠 (3color),남,하의
255,챱챱,Circle Chap Logo Sweat Pants(khaki),여,하의
256,무신사 스탠다드,세미 와이드 히든 밴딩 슬랙스 [베이지],남,하의
257,코드그라피,[SET][기본핏+레귤러핏 선택] 소프트 코튼 에센셜 쇼츠,남 여,하의
258,네스티팬시클럽,[NF] 유쓰 데님 오버롤 (DARK BLUE)_F23QD844,여,하의
259,무신사 스탠다드,테이퍼드 치노 팬츠 [블랙],남,하의
260,아카이브 볼드,939 LOGO SWEAT PANTS (DEEP RED),남,하의
261,노스페이스,NP6KP02A 시드 테크 트레이닝 팬츠,남,하의
262,무신사 스탠다드,코튼 와이드 벌룬 팬츠 [블랙],남,하의
263,굿라이프웍스,투턱 와이드 워시드 데님 팬츠 워시드인디고,남 여,하의
264,디앤에스알,사이드 라인 데님 블랙,남,하의
265,스컬프터,Chunky Cotton Pants Black,남 여,하의
266,피아네르,[2장 세트] 에센셜 벌룬 스웨트팬츠 (3color),남,하의
267,주앙옴므,PLEATED WIDE COTTON PANTS (LIGHT GREY),남,하의
268,데케트,Mid Rise Wide Jeans DCPT027BlackSide,남,하의
269,브루먼,Compact Easy Pants (Olive Grey),남,하의
270,비슬로우,23SS ONE TUCK WASHED BELTED PANTS ECRU,남,하의
271,골든베어,Pocket detail One tuck Pants (for Women)_G5PAM23521NYX,남,하의
272,노매뉴얼,TWO TUCK NYLON PANTS - VINTAGE RED,남 여,하의
273,이에스엔,세미와이드 카고 데님팬츠 숄트데님,남,하의
274,마틴플랜,Martin Half Denim - BLACK,남,하의
275,러닝하이,투 톤 카고 팬츠 [카키 베이지],남 여,하의
276,우알롱,Signature jogger pants - CREAM,남 여,하의
277,플레어업,Obtuse Triangle Flap Pants - Black (FL-226),남,하의
278,수아레,[2PACK] 린넨 라이크 세미 와이드 OR 테이퍼드 밴딩 팬츠 세트,남,하의
279,코닥,컬러플러스 우븐 숏팬츠 NAVY,남,하의
280,플랙,셋업 스텝 051V 아이보리,남,하의
281,무신사 스탠다드,원 턱 루즈 테이퍼드 데님 팬츠 [딥 인디고],남,하의
282,아카이브 볼드,939 TYPE O SWEAT PANTS (OATMEAL),남,하의
283,브랜디드,51054 CONE BLACK MYSTIC JEANS [EXTRA WIDE STRAIGHT],남,하의
284,노클,001 Nylon Pants Black,남,하의
285,후러브스아트,유니섹스 원턱 와이드 밴딩 슬랙스 블랙,남,하의
286,게이트리스,언더핏 팬츠,여,하의
287,아워스코프,Parabola Line Cargo Pants (Light Beige),남,하의
288,토피,와이드 데님 팬츠 (WASHED BLUE BLACK),남,하의
289,테이크이지,우먼스 월계수 와이드팬츠(블랙),여,하의
290,메종미네드,UNION DETACHABLE DENIM PANTS,남,하의
291,페이탈리즘,Tydi crop jeans #0064,남,하의
292,브랜디드,1880 PURE CREAM JEANS [WIDE STRAIGHT],남,하의
293,무신사 스탠다드,스트레이트 데님 팬츠 [미디엄 인디고],남,하의
294,수아레,세미 와이드 치노 팬츠 - 5 COLOR,남,하의
295,토피,와이드 데님 팬츠 (BLEACH),남,하의
296,드네이지,스플릿 카고 팬츠 그레이 0196,남,하의
297,프렌다,COMFORT SEEKING CARGO JOGGER PANTS WINE,여,하의
298,유니폼브릿지,sea rover pants beige,남,하의
299,모드나인,Essential Blue - MOD7ww,남,하의
300,굿라이프웍스,에센셜 세미 와이드 코듀로이 팬츠 크림,남 여,하의
301,노앙,BANDING SWEAT PANTS OATMEAL,남,하의
302,제멋,[패키지] 스콘 와이드 벌룬팬츠 2PACK YHLP2350,남,하의
303,드로우핏,리에디션 뉴 스트레이트 데님 팬츠 [ASHED MIDDLE BLUE],남,하의
304,1993스튜디오,빈티지 파이핑 팬츠_블루,남 여,하의
305,무신사 스탠다드,데님 와이드 벌룬 팬츠 [워시드 블랙],남,하의
306,무신사 스탠다드,와이드 히든 밴딩 슬랙스 [아이언 그레이],남,하의
307,그라미치,팬츠 Black,남 여,하의
308,토피,코튼 카고 와이드 팬츠 (KHAKI),남,하의
309,브랜디드,51038 CONE NAVY HERO JEANS [EXTRA WIDE STRAIGHT],남,하의
310,샌드 사운드,Two Faced Pants  Gray,여,하의
311,오더아카이브,다트 벌룬 와이드 데님팬츠 샌드 디스진,남,하의
312,논플로어,프라그먼츠 버뮤다 팬츠,남 여,하의
313,비슬로우,ONE TUCK CURVED JEAN_BLACK,남,하의
314,무신사 스탠다드,CALIK 슬림 크롭 데님 팬츠 [크림],남,하의
315,스케이터락,Pigment cotton cargo string wide pants beige,남 여,하의
316,아영상사,스탠다드 진 유즈드 블랙,남,하의
317,무신사 스탠다드,원 턱 와이드 라운지 스웨트 팬츠 [미디엄 그레이],남,하의
318,챔피온,[ASIA][한국별주] 핀턱 와이드 팬츠 (NORMAL GREY) CKPA3E707G2,남,하의
319,배드블러드,IND 로고 니트 스웻 팬츠 - 챠콜,남 여,하의
320,노드 아카이브,와이드 테이퍼드 치노 팬츠 (라이트 카키),남,하의
321,브랜디드,51061 KURABO WHITE HEAVEN JEANS [EXTRA WIDE STRAIGHT],남,하의
322,무신사 스탠다드,리사이클 라운지 스웨트 팬츠 [블랙],남,하의
323,슬릭앤이지,로키팬츠 웨이브 차콜,남 여,하의
324,모드나인,Until Dusk - MOD7,남,하의
325,낫포너드,Banding One Tuck Wide Denim Pants - Deep Blue,남,하의
326,비슬로우,WIDE FIT DEEP PLEATS DENIM PANTS_LIGHT WASHED,남,하의
327,유니폼브릿지,cotton fatigue pants wide fit beige,남,하의
328,토피,와이드 조거 스웻 팬츠 (BLACK),남,하의
329,낫포너드,Cargo Jogger Slacks Pants - Black,남,하의
330,제로,Nylon Deep One Tuck String Pants [3 Colors],남,하의
331,예스아이씨,Net 5 Pockets Denim Pants Black,남,하의
332,무신사 스탠다드,사이드 어드저스트 투 턱 와이드 슬랙스 [블랙],남,하의
333,비얼디드키드,레귤러 실루엣 팬츠 블랙,남,하의
334,시그니처,트랙 워시드 데님[인디고투톤],남,하의
335,무신사 스탠다드,릴렉스드 테이퍼드 히든 밴딩 크롭 슬랙스 [네이비],남,하의
336,토피,모어 와이드 데님 팬츠 (RAW INDIGO),남,하의
337,트래블,카펜터 데님 팬츠 블랙,남,하의
338,브랜디드,610 HISHITOMO SUVIN GOLD INDIGO 1WASH JEANS [RELAX STRAIGHT],남,하의
339,우알롱,(기모)Signature jogger pants - BLACK,남 여,하의
340,무신사 스탠다드,우먼즈 플루이드 슬림 스트레이트 슬랙스 [블랙],여,하의
341,오더아카이브,ODPL 와이드 데님 팬츠 로우 블랙진,남,하의
342,비슬로우,23SS DEEP ONE TUCK WASHED DENIM PANTS MOCCA,남,하의
343,무신사 스탠다드,라이트웨이트 와이드 히든 밴딩 슬랙스 [차콜 그레이],남,하의
344,프리즘웍스,OG SELVEDGE ANKLE DENIM PANTS _ INDIGO,남,하의
345,그라미치,가젯 쇼츠 Olive,남,하의
346,플랙,노이커츠 P01 로우,남,하의
347,무신사 스탠다드,우먼즈 릴렉스드 라운지 스웨트 팬츠 [미디엄 그레이],여,하의
348,노앙,INDIGO ENGINEERED DENIM PANTS INDIGO,여,하의
349,굿라이프웍스,와이드 절개 벌룬팬츠 코튼 베이지,남 여,하의
350,비에스래빗,미드90 배기 코튼 팬츠 블랙,남,하의
351,엑스톤즈,XP138 파스텔 데님 카고 팬츠 (PINK),남 여,하의
352,비에스래빗,미드90 배기 코튼 팬츠 카멜,남,하의
353,오더아카이브,ODPL 로프 와이드 데님 팬츠 논페이드 로우인디고,남,하의
354,밀리언코르,[9521] 유니섹스 오픈 디스트로이드 와이드 데님 (다크그레이),남 여,하의
355,세븐셀라,OG se 카고조거 슬랙스 Black,남,하의
356,미니멀프로젝트,워시드 퍼티그 벌룬 데님 팬츠 MDP105 [BLUE],남 여,하의
357,유니폼브릿지,utility fatigue pants natural,남,하의
358,프렌다,DESTROYED DENIM PANTS BLACK WASHED,여,하의
359,플레이버리즘,타이다이 워시드 카펜터 데님 팬츠 (TP0037),남 여,하의
360,와이씨더블유,27 로고 크롭 배기 테이퍼드  연청 데님,남,하의
361,엠오오,파라슈트 벌룬와이드 카고팬츠 - 카키,남,하의
362,우알롱,Signature jogger pants - CREAM,남 여,하의
363,토피,벌룬핏 데님 와이드 팬츠 (G.BLEACH),남,하의
364,노매뉴얼,TWO TUCK NYLON PANTS - VINTAGE RED,남 여,하의
365,락케이크,트라이벌 2way 조거 팬츠 - 블랙,여,하의
366,비슬로우,ONE TUCK CURVED JEAN_IVORY,남,하의
367,메종미네드,SWELL WIDE DENIM PANTS BLACK,남,하의
368,프렌다,PCF JERSEY JOGGER PANTS BLACK,여,하의
369,어반드레스,BUCKLE WIDE DENIM PANTS STONE BLUE,남 여,하의
370,그라미치,루즈테이퍼드 팬츠 Dark Brown,남 여,하의
371,노스페이스,NP6KP02A 시드 테크 트레이닝 팬츠,남,하의
372,무신사 스탠다드,원 턱 와이드 라운지 스웨트 팬츠 [미디엄 그레이],남,하의
373,오더아카이브,투턱 와이드 데님팬츠 라이트블루,남,하의
374,주앙옴므,PLEATED WIDE COTTON PANTS (LIGHT GREY),남,하의
375,스컬프터,Chunky Cotton Pants Black,남 여,하의
376,코드그라피,[SET][기본핏+레귤러핏 선택] 소프트 코튼 에센셜 쇼츠,남 여,하의
377,메종미네드,SAINT TWO TUCK WIDE PANTS BEIGE,남,하의
378,무신사 스탠다드,슬림 크롭 데님 팬츠 [미디엄 인디고],남,하의
379,아티스트웨어,[ATW] 컴포트 스판 데님팬츠_중청,남 여,하의
380,브루먼,Compact Easy Pants (Olive Grey),남,하의
381,마틴플랜,Martin Half Denim - BLACK,남,하의
382,디앤에스알,사이드 라인 데님 블랙,남,하의
383,그라미치,루즈테이퍼드 팬츠 Gravel Grey,남 여,하의
384,브렌슨,[패키지] 미니멀 트레이닝 essential 반바지 (롱 기장 버전 추가),남,하의
385,드로우핏,쓰리턱 릴렉스드핏 테이퍼드 울 슬랙스 [BLACK],남,하의
386,트릴리온,바이오스톤 워싱 와이드 데님 팬츠 (DEEP GRAY),남 여,하의
387,코닥,컬러플러스 우븐 숏팬츠 NAVY,남,하의
388,메종미네드,BLAST DESTROYED DENIM PANTS,남,하의
389,아카이브 볼드,939 TYPE O SWEAT PANTS (OATMEAL),남,하의
390,챱챱,Circle Chap Logo Sweat Pants(khaki),여,하의
391,모드나인,Blue Stardust - MOD1w,남,하의
392,시그니처,투턱 와이드 슬랙스 [그레이],남,하의
393,마리떼,W X-POCKET TAPERED DENIM PANTS light blue,여,하의
394,아티스트웨어,[ATW] 나폴레옹 와이드 밴딩 팬츠_BK,남 여,하의
395,에드,토네이도 와이드 데님 그레이,남,하의
396,무신사 스탠다드,와이드 데님 팬츠 [그레이],남,하의
397,디스커버리 익스페디션,메인크루 비치 그래픽 여성 쇼츠 (D/PINK),여,하의
398,무신사 스탠다드,CONE 슬림 크롭 데님 팬츠 [미디엄 인디고],남,하의
399,게이트리스,언더핏 팬츠,여,하의
400,에이카화이트,THE ORIGIN SWEAT PANTS-LIGHT GREY,남,하의
401,트래블,워크샵 TR 카고 쇼츠 블랙,남,하의
402,토피,사이드 지퍼 나일론 밴딩 팬츠 (GREY),남,하의
403,밀리언코르,[7163] 캣 브러쉬 부츠컷 데님 (블랙),여,하의
404,아웃스탠딩,OUT BELTED CARGO PANTS_OLIVE,남,하의
405,트릴리온,옐로우 워싱 리버스 턱 데님 팬츠 (BLACK),남 여,하의
406,무신사 스탠다드,세미 와이드 히든 밴딩 슬랙스 [베이지],남,하의
407,비슬로우,ONE TUCK CURVED JEAN_BLACK,남,하의
408,비슬로우,22FW EMBROIDERY SEMI BOOTS CUT DENIM PANTS BLACK WASHED,남,하의
409,마틴플랜,Web Wide Denim - BLACK,남,하의
410,지오다노,113523 울트라스트레치 치노_6color,남,하의
411,무신사 스탠다드,테이퍼드 히든 밴딩 크롭 슬랙스 [더스티 베이지],남,하의
412,커스텀어클락,벨트 투턱 와이드 슬랙스 다크그레이 COOSPT172D.GRAY,남,하의
413,러닝하이,투 톤 카고 팬츠 [카키 베이지],남 여,하의
414,1993스튜디오,빈티지 파이핑 팬츠_블루,남 여,하의
415,굿라이프웍스,와이드 워시드 카고 데님 팬츠 미디움 인디고,남 여,하의
416,로스코,BDU 카모팬츠 12컬러,남,하의
417,아웃스탠딩,REVERSE HEAVY SWEAT PANTS_1% OATMEAL,남 여,하의
418,브랜디드,1872 PURE CREAM JEANS [REGULAR STRAIGHT],남,하의
419,플랙,깡스타일리스트 X 플랙 베를린 K47 딥 블루,남,하의
420,헤인트,레인보우 컬러 진_CHORAL PINK,여,하의
421,네스티팬시클럽,[NF] 유쓰 데님 오버롤 (DARK BLUE)_F23QD844,여,하의
422,무신사 스탠다드,스트레이트 히든 밴딩 슬랙스 [블랙],남,하의
423,커스텀어클락,투턱 와이드 슬랙스 - 4 COLOR COOSPT204,남,하의
424,데케트,Mid Rise Wide Jeans DCPT027BlackSide,남,하의
425,무신사 스탠다드,[쿨탠다드] 슬림 크롭 데님 팬츠 [라이트 인디고],남,하의
426,그라미치,팬츠 Chino,남 여,하의
427,트래블,카펜터 데님 팬츠 블랙,남,하의
428,수아레,[2PACK] 린넨 데님 세미 와이드 밴딩 팬츠 세트,남,하의
429,낫포너드,Wide String Cargo Slacks Pants - Charcoal,남,하의
430,드로우핏,와이드 밴딩 플리츠 팬츠 [BLACK],남,하의
431,폴로 랄프 로렌,경량 하이킹 쇼츠 - 네이비,남,하의
432,엑스톤즈,XP67 오키드 청해지 팬츠 (BLACK),남 여,하의
433,무신사 스탠다드,와이드 히든 밴딩 슬랙스 [아이언 그레이],남,하의
434,86로드,MILD BLUE CHIP / CROP TAPERED,남,하의
435,드로우핏,[드로우핏X깡스타일리스트] 투턱 밴딩 와이드 쿨 린넨 슬랙스 [L.KHAKI],남,하의
436,브랜디드,51038 CONE NAVY HERO JEANS [EXTRA WIDE STRAIGHT],남,하의
437,이에스엔,세미와이드 카고 데님팬츠 숄트데님,남,하의
438,수아레,[2PACK] 세미 와이드 히든 밴딩 슬랙스 세트,남,하의
439,무신사 스탠다드,테이퍼드 히든 밴딩 크롭 슬랙스 [베이지],남,하의
440,빅유니온,[빅유니온x깡스타일리스트] PLEATED CARGO PANTS / BEIGE,남 여,하의
441,무신사 스탠다드,더블 니트 투 턱 와이드 라운지 스웨트 팬츠 [네이비],남,하의
442,제로,Deep One Tuck Sweat Pants [Navy],남,하의
443,무신사 스탠다드,코튼 와이드 벌룬 팬츠 [베이지],남,하의
444,비슬로우,23SS ONE TUCK WASHED BELTED PANTS ECRU,남,하의
445,굿라이프웍스,에센셜 세미 와이드 코듀로이 팬츠 크림,남 여,하의
446,노클,001 Nylon Pants Black,남,하의
447,더블유브이프로젝트,[패키지] 로너 와이드 코튼팬츠 2PACK JJLP7639,남,하의
448,오더아카이브,다트 벌룬 와이드 데님팬츠 샌드 디스진,남,하의
449,무신사 스탠다드,우먼즈 트위스트 치노 팬츠 [크림],여,하의
0,질바이질스튜어트,[쭈언니콜라보]레더 나노 케미백,여,가방
1,로우로우,캐리어 세트 R TRUNK 816 LITE ep.2 BLACK 20인치 37L+27인치 72L,남,가방
2,질바이질스튜어트,[쭈언니콜라보]리사이클 나일론 라지 케미백,여,가방
3,칼린,코지 12colors_H72303010,여,가방
4,스탠드오일,Chubby bag · 츄비백,여,가방
5,루에브르,Sac de Classique Large FA2AB099-GM,여,가방
6,질스튜어트액세서리,[젤라또] 네이비 스티치장식 면 슬링백,여,가방
7,발렌시아가,여성 XS 휠 드로스트링 버킷백 - 블랙 / 656682H854N1060,여,가방
8,마뗑킴,BUCKLE BAG IN BLACK,남 여,가방
9,드래곤디퓨전,폼폼 더블점프 백 8838 Tan,여,가방
10,아우로,ADVENTURE BACKPACK [  SOUP ],여,가방
11,스위치,TOTE BRIEF 002 M Black,여,가방
12,스탠드오일,Butter bag  Classic · 버터백 클래식,여,가방
13,아카이브앱크,Shell teen bag(Lizard black)_OVBAX23005LIK,여,가방
14,마뗑킴,ACCORDION WALLET IN BLACK,남 여,가방
15,스탠드오일,Oblong bag · 오블롱백,여,가방
16,아카이브앱크,Mini bowling bag(Deep sleep)_OVBLX23001BLK,여,가방
17,프루아,브리즈,여,가방
18,스컬프터,Vintage Canvas Duffel Bag Pale Gray,여,가방
19,자크뮈스,여성 미니 르 치키토 토트백 - 라이트 그린 / 213BA0013063510,여,가방
20,마뗑킴,SPORTY TOTE BAG IN BEIGE,여,가방
21,하 아카이브,아크 블랙 메신저백,남 여,가방
22,분크,Occam Droit Shoulder Piccolo Croco (오캄 디롯트 숄더 피콜로)_2colors,여,가방
23,발렌시아가,공용 로고 카드 홀더 - 블랙 / 64010923EG11000,남 여,가방
24,드메리엘,Bowling Bag Small_Silver,여,가방
25,노스페이스,NM2DN57A 빅샷 에어,남,가방
26,질바이질스튜어트,[쭈언니콜라보]리사이클 나일론 미디움 케미백,여,가방
27,팔렛,레더 2way 슬링백 블랙,남 여,가방
28,드파운드,town bag (bucket shoulder) - herringbone ivory,여,가방
29,베이프릴,피어 메신저백 (블랙),남 여,가방
30,질바이질스튜어트,[쭈언니콜라보]레더 미디움 케미백,여,가방
31,이우가마카라스,H-Buckle Holster Bag,남 여,가방
32,마뗑킴,SPORTY TOTE BAG IN BLACK,여,가방
33,마뗑킴,ACCORDION WALLET IN LIGHT YELLOW,남 여,가방
34,오소이,MINI BROT - BLACK,여,가방
35,마스마룰즈,halfmoon cross bag_black,남 여,가방
36,마뗑킴,ACCORDION MINI BAG IN BLACK,여,가방
37,스위치,CITY BOYS BRIEFCASE 002 Stone Grey,남,가방
38,노스페이스,NM2DP51A 빅샷,남 여,가방
39,루에브르,Sac de Flute FA2SB083-FH,여,가방
40,스탠드오일,Clam bag · 클램백,여,가방
41,레인스,백팩 블랙,남,가방
42,스탠드오일,Oblong bag Mini · 오블롱백 미니,여,가방
43,스컬프터,Oldschool Slouchy Backpack Sage,여,가방
44,하 아카이브,블랙 나일론 아이패드백,남 여,가방
45,파인드카푸어,마크백 26 크링클드 - 블랙 1010819,남 여,가방
46,필인더블랭크,Trapezoid PK Shoulder Bag (oatmeal),여,가방
47,마뗑킴,BABY SPORTY TOTE BAG IN IVORY,여,가방
48,이우가마카라스,H-Buckle Mini Holster Bag,남 여,가방
49,도프제이슨,카우하이드 크로스백,남,가방
50,잔스포츠,슈퍼브레이크 플러스 랩탑 BLACK,남 여,가방
51,파인드카푸어,핑고백 20 크링클드 T 에디션 세트 - 라이트핑크,여,가방
52,제이에스티나,JOELLE MAY EW 쇼퍼 BK (JHNCHC2BS211BK270),여,가방
53,피스메이커,[사은품 증정] STRING SQ PRO BACKPACK (BLACK),남,가방
54,5.11택티컬,레벨 10 크로스백 13L (블랙),남,가방
55,카네이테이,이클립스 (블랙),남 여,가방
56,플레어업,Wave Handmade Gym Sack - Gray (FL-724),남 여,가방
57,라브라크,탱크 PC 캐리어 20인치 24인치 28인치 블랙,남,가방
58,레더리,볼티드 스퀘어 숄더백 [BLACK],여,가방
59,아포아,파오 롱 핸드백 소프트 핑크 크링클,여,가방
60,세터,누오로 3Way 백 글로시 블랙,남,가방
61,캉골,센추리 메신저백 2060 블랙,남,가방
62,하 아카이브,2웨이 워털루 블랙 나일론 더플백,남 여,가방
63,아크테릭스,[SS23] 맨티스 2 웨이스트팩,남,가방
64,백투베이직스,미뇽 미니 토트 백 Mignon Mini Tote bag - 블랙,여,가방
65,플리즈프로젝트,"LIGHT QUILTING BACKPACK 15L, BEIGE",여,가방
66,뉴발란스,NBGCDSS102 / AUTHENTIC V4 BACKPACK (BLACK),남 여,가방
67,하이,여성 프레니 토트백 - 블랙 / FRNBLACK,여,가방
68,잔스포츠,빅스튜던트 BLACK,남,가방
69,로우로우,스트링 백팩 750 ep.2 Black,남 여,가방
70,스탠드오일,Chubby cross bag · 츄비 크로스백,여,가방
71,질 샌더,공용 로고 엠보 카드 홀더 - 블랙 / J25VL0009P4966001,남 여,가방
72,밈더워드로브,크랙 레더 빅 토트백_블랙,남,가방
73,알키알카,클래식 핑퐁 (Baby Pink),여,가방
74,누깍,BACKPACK INN 백팩 이너튜브 백팩,라이프,가방
75,드로우핏,슬랜트 메신저 크로스 백 [BLACK],남 여,가방
76,히어리,달리아 하프문 백_레드,여,가방
77,코드그라피,CGP 아치 로고 백팩_블랙(+미니 파우치),남,가방
78,마뗑킴,ACCORDION MINI BAG IN YELLOW GREEN,여,가방
79,하이,여성 다코타 토트백 - 라이트 블루 / DKTBLIGHTBLUE,여,가방
80,마뗑킴,QUILTING ACCORDION WALLET IN BLACK,남 여,가방
81,마뗑킴,ACCORDION WALLET IN GREEN,남 여,가방
82,매드고트,시티 투포켓 토트백_카키그레이 MGCTPTKHG,남,가방
83,메종미네드,TWO POCKET BACKPACK,남 여,가방
84,헤이즈,스마트 테크노 수하물용 28인치 확장 캐리어,라이프,가방
85,스탠드오일,Ooze bag ·  어즈백,여,가방
86,오스트카카,리카 미니 바스켓 샌드베이지,여,가방
87,아틀리에파크,브리백팩_실버,여,가방
88,스탠드오일,Oblong bag Tiny · 오블롱백 티니,여,가방
89,제이에스티나,LUCY 카드탑지퍼 GN (JSNESF2BF910GN010),여,가방
90,앨리스마샤,에린 11Colors 셔링백,여,가방
91,루이까또즈,남성반지갑 SK4AH71BL,남,가방
92,무르,[3way]에떼백(9color),여,가방
93,이모티오,ONE LINE 미니멀 크로스백 [DIAMOND BLACK],남,가방
94,아카이브앱크,Lunar bag(glow blue orchid)_OVBLX22505CPB,여,가방
95,질스튜어트 맨 액세서리,[MATEO] 마테오 빅사이즈 백팩 블랙,남,가방
96,에스에스알엘,dual pocket messenger bag / black,남,가방
97,메종미네드,BUCKLE STRAP HOBO BAG,남 여,가방
98,마뗑킴,BIG BUCKLE BAG IN BLACK,남 여,가방
99,르아보네,GATTI bag_black,여,가방
100,슈펜,깡스타일리스트 Ⅹ SHOOPEN 메신저백 TPBF79W72,남 여,가방
101,노스페이스,NM2DP52A 핫샷,남,가방
102,스컬프터,Vintage Canvas Duffel Bag Pale Gray,여,가방
103,몬스터리퍼블릭,COMPOUND MESSENGER BAG SERIES /  메신저백,남 여,가방
104,아더템포,몰토_초코,여,가방
105,하 아카이브,블랙 나일론 아이패드백,남 여,가방
106,필인더블랭크,Yoko Bucket Bag (L)(denim),여,가방
107,베이프릴,라이너 백팩 (블랙),남 여,가방
108,내셔널지오그래픽,N235ACR570 메쉬 메신져백 BLACK,남,가방
109,네이키드니스,앱솔루트 백팩 블랙,남 여,가방
110,그레이버 백 앤 에이씨씨,[BAG&ACC]화이트 플라워 자수 크로스 메신저백_블랙,남 여,가방
111,스퀘어라인,Layer shoulder/cross bag - S1001 (7color),여,가방
112,잔스포츠,슈퍼브레이크 플러스 랩탑 BLACK,남 여,가방
113,래코드,Crispy Qulited Candy Shoulder Bag_RYBAS23809BKX,여,가방
114,히어리,달리아 하프문 백_레드,여,가방
115,질스튜어트 맨 액세서리,[MATEO] 마테오 메신저백,남,가방
116,빈폴 액세서리,(BE31A4T150)루시 지퍼카드지갑 - 아이보리,여,가방
117,엘엠씨,LMC SYSTEM DUFFLE BAG black,남 여,가방
118,엠엘비,빅 다이아 모노그램 자카드 스몰 토트백 NY (Black),여,가방
119,커버낫,어센틱 메신저백 블랙,남 여,가방
120,리,올데이 백팩 아이보리,남,가방
121,제이에스티나,JOELLE FALLIN MINI 크로스 BK (JHNCHE2BS831BK010),여,가방
122,브라이튼,본드 20/24/28형 여행용캐리어 여행가방 화물용 케리어,라이프,가방
123,마뗑킴,BABY SPORTY TOTE BAG IN BLACK,여,가방
124,리,트위치 로고 코듀라 메신저백 블랙,남 여,가방
125,레더리,볼티드 스퀘어 숄더백 [IVORY SOAP],여,가방
126,오타이,러슬링 숄더 백 [오프 화이트],여,가방
127,일리고,SIGNATURE BAG_SILVER,여,가방
128,캉골,브리즈 미디움 토트백 3919 라이트베이지,여,가방
129,분크,One Eleven Boston Piccolo (원일레븐 보스턴 피콜로) White,여,가방
130,캉골,럭키 캔버스 버켓백 3850 아이보리,여,가방
131,아우로,ADVENTURE BACKPACK [ GRAY ],여,가방
132,무신사 스탠다드,사피아노 레더 반지갑 [블랙],남 여,가방
133,마뗑킴,ACCORDION MINI BAG IN BLACK,여,가방
134,잔스포츠,빅스튜던트 DESERT BEIGE,남,가방
135,스탠드오일,Oblong bag Tiny · 오블롱백 티니,여,가방
136,네이키드니스,아이콘 메신저백 블랙,남 여,가방
137,무르,데이백 캔버스(4color),여,가방
138,바이모스,메신저백7탄 - 블랙(2020),남 여,가방
139,제이에스티나,DONO 지퍼카드지갑 BK(JSTCSF0BS510BK010),여,가방
140,질바이질스튜어트,[2COLOR][브레드] 캔버스 포켓 볼링백,여,가방
141,캉골,럭키 캔버스 버켓백 Ⅱ 3902 블랙,여,가방
142,하이,여성 리틀 실크 토트백 - 라이트 그린 / LSBLIGHTGREEN,여,가방
143,내셔널 퍼블리시티,ANZA HQ 가죽 메신저 크로스백,남,가방
144,필인더블랭크,Vintage Denim 2-way Bag,여,가방
145,마뗑킴,QUILTING ACCORDION WALLET IN BLACK,남 여,가방
146,예일,[900D PET RECYCLED] 3-TIER MULTI PACK (+ TRAVEL POUCH),라이프,가방
147,스탠드오일,Bow bag Mini · 보우백 미니,여,가방
148,예일,FLEXIBLE CITY PACK BLACK (+ TRAVEL POUCH) 45L,라이프,가방
149,플레어업,Wave Handmade Gym Sack - Gray (FL-724),남 여,가방
150,하 아카이브,아크 블랙 스몰 메신저백,남 여,가방
151,마뜨,더블 포켓 캔버스 레더 토트백(네이비+다크브라운)B42903,남,가방
152,쎄르페,도시 방랑자 가방,여,가방
153,핍스,에센셜 메신져백 블랙,남,가방
154,스컬프터,Oldschool Slouchy Backpack Black,여,가방
155,질스튜어트액세서리,[젤라또]아이보리 가죽 쁘띠 참장식 2단 반지갑,여,가방
156,필인더블랭크,Trapezoid Shoulder Bag (beige),여,가방
157,질바이질스튜어트,[3COLOR[브레드]체인 미니크로스백,여,가방
158,무신사 스탠다드,코듀라 빅 사이즈 백팩 [블랙],남 여,가방
159,엠엠엘지,[Mmlg] MMLG WASH BAG (IVORY),남 여,가방
160,필인더블랭크,Trapezoid Mini Tote Bag (silver),여,가방
161,닥스 여성 액세서리,[MODERN BOLD DD] 블랙 DD로고 소가죽 반지갑 DCWA3E650BK,여,가방
162,키르시,포켓 테크니컬 스트링 백팩 [블랙],여,가방
163,하이,여성 리틀 실크 토트백 - 아이보리 / LSBIVORY,여,가방
164,마스마룰즈,Daily bagpack _ Black,남 여,가방
165,마뗑킴,EASY BAG IN BEIGE,여,가방
166,캘빈클라인 진,아이보리 CKJ 티몰 캡슐 체인 크로스백 DH2806 111,여,가방
167,플리즈프로젝트,2-way Leather padding bag_silver,여,가방
168,프루아,에코백,남 여,가방
169,조셉앤스테이시,Lucky Pleats Knit Daisy Wing (ALL),여,가방
170,잔스포츠,엔보이 BLACK,남 여,가방
171,하이,여성 리틀 실크 토트백 - 핑크 / LSBPINK,여,가방
172,데상트,스포츠베이직 슬링백 S,남,가방
173,내셔널지오그래픽,N235ACR860 데일리 슬링백 BLACK,남,가방
174,레더리,아더 클래식 체인백 [BLACK],여,가방
175,페넥,CRINKLE TRIANGLE ACCORDION POCKET - BLACK,여,가방
176,리,빈티지로고 로코 포켓 에코백 인디고 다크,남 여,가방
177,분크,Magpie Card Wallet (맥파이 카드지갑) Light beige,여,가방
178,에스에스알엘,minimal bucket sling bag / black,남,가방
179,레더리,크랙드 크로스백 [BLACK],남 여,가방
180,베이프릴,라이너 백팩 (아이보리),남 여,가방
181,에스에스알엘,minimal bucket sling bag / black,남,가방
182,필인더블랭크,Yoko Bucket Bag (L)(denim),여,가방
183,리,올데이 백팩 아이보리,남,가방
184,베이프릴,라이너 백팩 (블랙),남 여,가방
185,무신사 스탠다드,비건 레더 스퀘어 토트 백 [블랙],남 여,가방
186,아더템포,몰토_초코,여,가방
187,캉골,브리즈 미디움 토트백 3919 라이트베이지,여,가방
188,분크,Perfec Essence Card wallet (퍼펙 에센스 카드지갑) Green,여,가방
189,내셔널지오그래픽,N235ACR570 메쉬 메신져백 BLACK,남,가방
190,질바이질스튜어트,[7COLOR][에그] 로고 크랙 가죽 반지갑,여,가방
191,히어리,달리아 하프문 백_레드,여,가방
192,무음,[타이벡] 퍼프업 베이비 Puff-Up Baby (Silver),여,가방
193,피치바스켓마켓,p.b laptop pouch (silver),여,가방
194,잔스포츠,빅스튜던트 DESERT BEIGE,남,가방
195,질스튜어트 맨 액세서리,[MATEO] 마테오 메신저백,남,가방
196,페넥,FABRIC SLING BAG - BLACK,여,가방
197,무르,데이백 캔버스(4color),여,가방
198,하이드아웃,[하이드아웃X토레스] 캠프 툴 백 (Khaki),남 여,가방
199,레더리,볼티드 스퀘어 숄더백 [IVORY SOAP],여,가방
200,아우로,ADVENTURE BACKPACK [ GRAY ],여,가방
201,리,트위치 로고 코듀라 메신저백 블랙,남 여,가방
202,플레어업,Wave Handmade Gym Sack - Gray (FL-724),남 여,가방
203,제이에스티나,DONO 지퍼카드지갑 BK(JSTCSF0BS510BK010),여,가방
204,캉골,럭키 캔버스 버켓백 Ⅱ 3902 블랙,여,가방
205,질바이질스튜어트,[3COLOR[브레드]체인 미니크로스백,여,가방
206,스퀘어라인,Layer shoulder/cross bag - S1001 (7color),여,가방
207,에크릿,하프문백 - 블랙,여,가방
208,그레이버 백 앤 에이씨씨,[BAG&ACC]화이트 플라워 자수 크로스 메신저백_블랙,남 여,가방
209,레더리,아더 클래식 체인백 [BLACK],여,가방
210,제너,라운드 나일론 크로스백 [블랙],남,가방
211,예일,[900D PET RECYCLED] 3-TIER MULTI PACK (+ TRAVEL POUCH),라이프,가방
212,내셔널지오그래픽,N235ACR630 스트링 미니 크로스백 BLACK,남,가방
213,예일,FLEXIBLE CITY PACK BLACK (+ TRAVEL POUCH) 45L,라이프,가방
214,로우로우,스트링 크로스백 750 ep.2 Beige,남 여,가방
215,맥끌라니,550머레이 숄더백,여,가방
216,에크릿,호안백 - 블랙,여,가방
217,페넥,PUSH ACCORDION POCKET PLUS - DARK ORANGE,여,가방
218,언에디트,Crayon Nylon Bag_5colors,여,가방
219,필인더블랭크,Trapezoid Shoulder Bag (beige),여,가방
220,질바이질스튜어트,[2COLOR][브레드] 캔버스 포켓 볼링백,여,가방
221,일리고,SIGNATURE BAG_SILVER,여,가방
222,키르시,포켓 테크니컬 스트링 백팩 [블랙],여,가방
223,필인더블랭크,Vintage Denim 2-way Bag,여,가방
224,노스페이스,NM2DP52A 핫샷,남,가방
225,쎄르페,도시 방랑자 가방,여,가방
226,메종미네드,TWO BUCKLE MESSENGER BAG,남 여,가방
227,플리즈프로젝트,2-way Leather padding bag_silver,여,가방
228,어널로이드,아가일 버튼 백 / 와인,남,가방
229,필인더블랭크,Trapezoid Mini Tote Bag (silver),여,가방
230,르아보네,GATTI bag_black,여,가방
231,무신사 스탠다드,코듀라 빅 사이즈 백팩 [블랙],남 여,가방
232,레더리,크랙드 크로스백 [BLACK],남 여,가방
233,데상트,스포츠베이직 슬링백 S,남,가방
234,오타이,러슬링 숄더 백 [오프 화이트],여,가방
235,루에브르,Chaine de Rosee FZ3SX630-G4,여,가방
236,내셔널 퍼블리시티,HARBOR HQ 가죽 크로스 슬링백,남,가방
237,헤지스 맨 액세서리,[Online Limited] 블랙 실버바장식 소가죽 카드지갑,남,가방
238,마뗑킴,BABY SPORTY TOTE BAG IN BLACK,여,가방
239,분크,Magpie Card Wallet (맥파이 카드지갑) Light beige,여,가방
240,아모프레,amoupre 레터링 숄더백 (NAVY),남,가방
241,질스튜어트액세서리,[젤라또]아이보리 가죽 쁘띠 참장식 2단 반지갑,여,가방
242,헤지스 맨 액세서리,[Online Limited] 블랙 퍼피 장식 가죽 카드홀더,남,가방
243,레더리,스퀘어 토트백 [BLACK],남 여,가방
244,쎄르페,방랑자 가방,남 여,가방
245,데이라이프,포스트 업 크로스백 (퍼플),남 여,가방
246,아모프레,amoupre 레터링 숄더백 (GREEN),남,가방
247,필인더블랭크,Trapezoid PK Shoulder Bag (eggshell),여,가방
248,조셉앤스테이시,Lucky Pleats Knit Daisy Wing (ALL),여,가방
249,마뗑킴,EASY BAG IN BEIGE,여,가방
250,와릿이즌,엔젤 투포켓 데이백 아이보리,남 여,가방
251,스탠드오일,Fluffy Regular · 플러피 레귤러,여,가방
252,키코,스마트 다소니 24인치 프레임 캐리어,여,가방
253,엠엘비,빅 다이아 모노그램 자카드 스몰 토트백 NY (Black),여,가방
254,발렌시아가,여성 미디움 에브리데이 카메라 크로스백 - 블랙 / 67926715YUN1090,여,가방
255,에이지 그레이,코듀라더블버클2웨이백팩,남,가방
256,제이에스티나,JOELLE FALLIN MINI 크로스 BK (JHNCHE2BS831BK010),여,가방
257,캉골,럭키 캔버스 버켓백 3850 아이보리,여,가방
258,조셉앤스테이시,Lucky Pleats Knit M (ALL),여,가방
259,네이키드니스,아이콘 메신저백 블랙,남 여,가방
260,드로우핏,멀티 스트랩 미니 백 [CREAM],남 여,가방
261,에스에스알엘,optimal nylon 2way tote bag / black,남,가방
262,퀄팩,신발수납 더플백 QB08 블랙,남 여,가방
263,분크,Toque tote S (토크 토트 스몰) Light beige,여,가방
264,잔스포츠,엔보이 BLACK,남 여,가방
265,클렙튼,여행용캐리어 3ZETS 20/24/29 MS,남,가방
266,내셔널 퍼블리시티,CARSON HQ 가죽 메신저 크로스 백,남,가방
267,분크,Toque Baguette Minicross (토크 바게트 미니크로스)_5colors,여,가방
268,잔스포츠,크로스타운 BUCKSHOT CAMO,남 여,가방
269,플리츠마마,숄더백 블랙,여,가방
270,세이모 온도,포켓 머그백 pocket mug bag M nappa black,여,가방
271,마르디 메크르디,GRAND VELO_BLACK [ALL LEATHER],여,가방
272,유센디,pebble 조약돌 아코디언 카드지갑 _ Crack Pink (이태리소가죽),여,가방
273,플라스크,라이더 미니 크로스백 - Cow Leather,남,가방
274,와릿이즌,유틸리티 웨이스트 백,남 여,가방
275,하이,여성 리틀 실크 토트백 - 라이트 그린 / LSBLIGHTGREEN,여,가방
276,밈더워드로브,크랙 레더 메신저백_브라운,남,가방
277,델코퍼,SHOPPER CANVAS MINI [GREEN SPRING],여,가방
278,와이케이,말티즈 아카이브 에코백 아이보리,여,가방
279,무르,데이백미니 캔버스(4color),여,가방
280,리,빈티지로고 로코 포켓 에코백 인디고 다크,남 여,가방
281,와이엠씨엘케이와이,Canvas Duffle Bag - Olive,남,가방
282,레더리,볼티드 스퀘어 숄더백 [BURGUNDY],여,가방
283,르마스크,도우 소프트 여성가죽카드지갑 블랙,여,가방
284,무음,[체크패턴] 퍼프업 베이비 Puff-Up Baby (Candy Pink),여,가방
285,스퀘어라인,Building bag - S002 (4color),여,가방
286,돈키,Ella bag - D1074 (11color),여,가방
287,레더리,멀티 포쉐트 플랩 크로스백 [BLACK],남 여,가방
288,필인더블랭크,Trapezoid  Canvas Bag (IV-BK),여,가방
289,예일,[900D PET RECYCLED] LEARNING CLUB PACK NAVY (+ TRAVEL POUCH) 30L,라이프,가방
290,1754 클래식,골프 미니 토트백 네이비,여,가방
291,닥스 여성 액세서리,[MODERN BOLD DD] 블랙 DD로고 소가죽 반지갑 DCWA3E650BK,여,가방
292,슈펜,[NAVY] 2포켓 빅 반달 메신저백 HPABCD206M,남,가방
293,엠엠엘지,[Mmlg] MMLG WASH BAG (IVORY),남 여,가방
294,캘빈클라인 진,아이보리 CKJ 티몰 캡슐 체인 크로스백 DH2806 111,여,가방
295,칼린,페이브 퀼팅 카드 지갑 5colors_W73103010,여,가방
296,마뗑킴,ACCORDION WALLET IN LIGHT YELLOW,남 여,가방
297,스퀘어라인,Falle2 shoulder bag - S1014 (3color),여,가방
298,잔스포츠,유니온팩 SOFT TAN,남,가방
299,엄브로,미니 메신저백 블랙(UO223CBG51),남,가방
300,마뗑킴,BIG BUCKLE BAG IN LIGHT GREY,남 여,가방
301,돈키,long body bag - D1066 (8color),여,가방
302,다이나핏,네오 크로스백_Black,남,가방
303,내셔널지오그래픽,N235ACR860 데일리 슬링백 BLACK,남,가방
304,에이지 그레이,더블버클메신져백,남,가방
305,스탠드오일,Lady Pouch · 레이디파우치,여,가방
306,잔스포츠,호프만 BLACK,남,가방
307,루킹포유,저스트백 포켓 크로스 메신저백 BLACK,남,가방
308,페넥,CRINKLE SOFT CARD CASE - BLACK,여,가방
309,라퍼지스토어,윈드셀 패디드 크로스백_Black,남 여,가방
310,마뗑킴,BUCKLE BAG IN BEIGE,남 여,가방
311,돈키,Papaya bag(cream) - D1053CR,여,가방
312,마뗑킴,FABRIC NEW SHOPPER BAG IN BLACK,남 여,가방
313,필인더블랭크,Trapezoid PK Shoulder Bag (olive),여,가방
314,앨리스마샤,에린 미니 8Colors 미니 크로스백,여,가방
315,필인더블랭크,Onigiri Coin Bag (silver),여,가방
316,페넥,Mini Pocket 018 Khaki,여,가방
317,스퀘어라인,Jennie bag(Ivory) - S014IV,여,가방
318,제드레페브5,크로플 크로스바디백 블랙,여,가방
319,랑가주망,스토리 로고 데님 쇼퍼 백 [블랙],남,가방
320,디스이즈네버댓,Leicht Daypack Black,남 여,가방
321,하이드아웃,[하이드아웃X토레스] 캠프 토트 백 (Charcoal),남 여,가방
322,애프터눈라이브,Afternoonlive Classic Backpack (Midnight Blue),남 여,가방
323,바이모스,메신저백8탄 - 블랙,남 여,가방
324,소곤소곤,Punk kid bag,여,가방
325,파인드카푸어,마티백 18 크링클드 - 크림,여,가방
326,이우가마카라스,Triple Covered Crow Buckle Bag,남 여,가방
327,투오,LIZZLE BLACK · 리즐 블랙,여,가방
328,카고브로스,CB 하프 서클 크로스백 (블랙),남,가방
329,제이에스티나,JOELLE 진주숏체인 SI (JEACEK2BS106SI360),여,가방
330,로우로우,스트링 슬링백 750 ep.2 Black,남 여,가방
331,맥앤칩스,Metal velcro gym sack (dark purple),여,가방
332,루이까또즈,남성반지갑 SK4AH17GA,남,가방
333,헤지스 맨 액세서리,[Online Limited] 네이비 소가죽 세로형 반지갑(카드지갑),남,가방
334,마뗑킴,MATIN LOGO ECOBAG IN BLACK,남 여,가방
335,무직타이거,레이지 타이거 랩탑&태블릿 파우치 15~16인치,라이프,가방
336,노스페이스,NM2DP00J 슈퍼 팩,남,가방
337,얼티메이크,17인치 랩탑노트북 파우치 가방 블랙,남,가방
338,휘 드 베르누이,여성 스몰 스트라이프 린넨 토트백 - 블랙 / TOTESFBLACK,여,가방
339,루이까또즈,MONTE(몬트) 여성숄더백 HR1SO01BL,여,가방
340,페넥,CIRCLE PADDING CARD SLOT - BLACK,여,가방
341,무신사 스탠다드,비건 레더 스퀘어 미니 크로스 백 [블랙],남 여,가방
342,세인트스코트,브리 NS 미니 크로스백,여,가방
343,시에라디자인,PACKABLE TOTE BAG BLACK,남,가방
344,제이에스티나,JOELLE MUAH MD 사첼 IV (JHNCHD1BS940IV980),여,가방
345,헨리스튜어트,라이언 엠블럼 천연소가죽 클러치 브라운,남,가방
346,강단,Architecture Padded Bag - 더스트,남 여,가방
347,필인더블랭크,Trapezoid Shoulder Bag (crack)(eggshell),여,가방
348,엠엘비,클래식 모노그램 레인보우 후디백 NY (IVORY),여,가방
349,니히,ENVELOPE BAG_BABY PINK,여,가방
350,이스트팩,[AUTHENTIC] PADDED PAKR XL 패디드 파커 XL (ELABA08 8),남,가방
351,아코크,Multipocket Backpack_Glossy Black,여,가방
352,카네이테이,딥 (화이트),남 여,가방
353,몬스터리퍼블릭,MSRC 004 MINI BAG / BLACK,남,가방
354,마뗑킴,ACCORDION WALLET IN PINK,남 여,가방
355,스위치,CITY BOYS LAPTOP CASE 002 Cream,남,가방
356,아이띵소,HEN STRING RUCKSACK 헨 스트링 럭색,여,가방
357,스퀘어라인,Silli shoulder bag - S1007 (6color),여,가방
358,칼린,소프트 M 9colors _H71307020,여,가방
359,얼모스트블루,이즈로 메신저백,남 여,가방
360,카네이테이,이클립스 (블랙),남 여,가방
361,세러데이일레븐,투톤 캔버스 레더 브릿지 토트백 _ 블랙 화이트,남,가방
362,하 아카이브,[AP 에디션]크레센트 코티드 호보백 (블랙),남 여,가방
363,커버낫,프레쉬 세리프 로고 캔버스백 아이보리,남 여,가방
364,리,빈티지 로고 로코 포켓 에코백 아이보리,남 여,가방
365,런던그로서리마켓,Cotton Market Bag (Denim),남,가방
366,디스커버리 익스페디션,디스커버러 슬링백 (D/IVORY),남,가방
367,트래블,트레일 러너 메쉬 스트링 테크 백팩,남,가방
368,버빌리안,왈라비 에코백_Ivory,남 여,가방
369,벵디,Summer Travel Bag_Beige,여,가방
370,슈펜,[버블 폼폼] 링클 호보백 (HPABGC270B RE) HPABGD206M,남,가방
371,스퀘어라인,Camel bag (Canvers Brown) - S009CVBR,여,가방
372,엠엘비,나일론 호보백 NY (Black),여,가방
373,본챔스,디피니션 백팩 블루 CERFMBG19BL,남,가방
374,그린스터프,무심한듯 박시한 쇼퍼백 53 플리츠 주름 에코백 - ivory,여,가방
375,케이투,딜라이트 12L (DELIGHT 12)_Light Grey,남 여,가방
376,아이띵소,MINI NEAT BREEZE,여,가방
377,제너,L 이즐리 나일론 크로스백 [블랙],남,가방
378,캉골,Eco Friendly Bag 0013 IVORY,남,가방
379,아디다스,짐색 트레포일- 블랙 / BK6726,남 여,가방
380,레더리,크랙드 스티치 슬링백 [BLACK],남 여,가방
381,아이띵소,SERO NEAT BAG 세로 니트백,여,가방
382,마뗑킴,EASY BAG IN BLACK,여,가방
383,로우로우,스트링 가드닝 백팩 759 Lavender,남,가방
384,코닥,스몰 투어리스트 메신저백 BLACK,남,가방
385,아차,나일론 멀티 사코슈 백 _ 그레이,남 여,가방
386,로우로우,스트링 가드닝 백팩 759 Sage Green,남,가방
387,하이,여성 퍼프지나 버킷백 - 부티크블루 / PFGBTQBLUE,여,가방
388,소곤소곤,bloom black mini shoulder bag,여,가방
389,아이홉소,라운드 스트링 시즌2 백팩,남,가방
390,마지언타이틀,[x NO COFFEE] 텀블러백 (블랙/그레이),남 여,가방
391,에스에스와이,노트 스트랩 미니 크로스백 블랙,남,가방
392,오아이오아이,플래그 로고 짐색_아이보리,남 여,가방
393,라퍼지스토어,버핑레더 미니 문 슬링백_Black,남 여,가방
394,인트존,캐릭터 노트북파우치 가방 13/14/15/16/17 인치,라이프,가방
395,라퍼지스토어,윈드셀 프로퍼 쇼퍼백_Ivory,남 여,가방
396,분크,Magpie Card wallet (맥파이 카드지갑) Black,여,가방
397,네이키드니스,아카데미 백팩 카멜,남 여,가방
398,마하그리드,THIRD LOGO BACKPACK(MG2DSUAB42A),남 여,가방
399,드로우핏,슬랜트 메신저 크로스 백 [BLACK],남 여,가방
400,나이스고스트클럽,NGC 슬링 백_블랙(NG2CFUAB88A),라이프,가방
401,톰브라운,남성 미디움 페블 그레인 레더 클러치 - 블랙 / UAC005A00198001,남,가방
402,써네이,공용 스트라이프 쇼퍼백 - 블랙 / MACCXBAG027BLKS,남 여,가방
403,위글위글,레디백 - Wiggle Bear,라이프,가방
404,필인더블랭크,Trapezoid Mini Bag (black),여,가방
405,마지셔우드,PIPING MINI - vanilla crinkle,여,가방
406,노이에,레더보스턴백_블랙_미디움,남 여,가방
407,피치바스켓마켓,p.b bag (ivory),여,가방
408,무신사 스탠다드,코듀라 스퀘어 웨이스트 백 [블랙],남 여,가방
409,언더아머,여성 페이버릿 토트백 1369214-001,여,가방
410,서니드클럽,SNDC 세브백 블랙,여,가방
411,잔스포츠,슈퍼브레이크 BLACK,남 여,가방
412,드로우핏,호보 레더 메신저백 [BLACK],남,가방
413,스퀘어라인,Layer mini shoulder/cross bag - S1011 (7color),여,가방
414,돈애스크마이플랜,댐프 글로시 에코 스트링 백팩,여,가방
415,퀄팩,트래블 더플백 QB01 블랙,남 여,가방
416,돈애스크마이플랜,댐프 3WAY 미니백_핑크,남 여,가방
417,잔스포츠,크로스타운 BLACK,남 여,가방
418,잔스포츠,빅스튜던트 BLUE DUSK,남,가방
419,페이퍼보이,베이직 숄더백-블랙,남 여,가방
420,무쿠앤에보니,Comfy Bag 컴피백 웜그레이,여,가방
421,럭키플래닛,프루티 캐리어 멜론 캐리온 21형,라이프,가방
422,돈애스크마이플랜,댐프 3WAY 미니백 실버,남 여,가방
423,필인더블랭크,Trapezoid Shoulder Bag (crack)(mint),여,가방
424,맥끌라니,977케이디 숄더백,여,가방
425,론즈데일,빅 스트링 슬링백 화이트 LMFAB107UWH,남,가방
426,베이직엘르,방수 비치백 수영가방 BET-TC3,남 여,가방
427,바이아틀리에,이지월렛_8컬러,여,가방
428,247 서울,ALL DAY BACKPACK [BLACK],남 여,가방
429,스퀘어라인,Falle shoulder bag - S1004 (3color),여,가방
430,휠라,베이직 스트링백(FS3BCF5071XBLK),남,가방
431,잔스포츠,슈퍼브레이크 SOFT TAN,남,가방
432,컬럼비아,숄더스타프 힙색,남 여,가방
433,커버낫,뉴베이직 캔버스백 블랙,남 여,가방
434,드리프트아웃,DDE-105 프로포즈,남,가방
435,스퀘어라인,Ross cross bag - S1003 (7color),여,가방
436,질바이질스튜어트,[2COLOR][HEART] 레터링 하트 트위드 미니 크로스백,여,가방
437,마스마룰즈,Cotton tumbler bag,남 여,가방
438,디어마이디어,[Mini] Logo sports  duffel Bag_Black,여,가방
439,라티젠,LY MINI NET BAG(BLACK),여,가방
440,리,빅 트위치 로고 에코백 인디고 다크,남,가방
441,에스에스와이,2way 아웃포켓 더플 크로스백,남,가방
442,빈폴 액세서리,(BE33A3M27N)매일 낱장카드지갑 - 로열블루,남,가방
443,네스티팬시클럽,[NF] 바이리닉 볼링 숄더백 (GRAY)_F22ZE807,여,가방
444,스탠드오일,Butter bag Tiny · 버터백 티니,여,가방
445,타미힐피거,TH 센트럴 카드 홀더 (T12D0AWL020MT1BDS),남,가방
446,바이모스,스트링 슬링백 2탄 - 블랙(2021),남 여,가방
447,질바이질스튜어트,[BONNIE][7COLOR]로고프린트 소가죽 반지갑,여,가방
448,버빌리안,칼리 크로스백_Black,남 여,가방
449,바이모스,투포켓 메신저백 - 블랙(2022),남 여,가방
0,락피쉬웨더웨어,ORIGINAL RAIN BOOTS SHORT - 8color,여,신발
1,락피쉬웨더웨어,FLATFORM RAIN BOOTS MIDDLE - 4color,여,신발
2,질바이질스튜어트,[쭈언니콜라보]캐리 메리제인 슬링백,여,신발
3,락피쉬웨더웨어,ORIGINAL RAIN BOOTS LONG - 8color,여,신발
4,리복,코듀라 비트닉 - 락 블랙 / FY2949,남 여,신발
5,헌터,[WOMEN] 오리지날 플레이 숏 레인부츠 - 블랙 WFS2020RMABLK,여,신발
6,닥터마틴,1461 3홀 모노 블랙 14345001,남 여,신발
7,헌터,[WOMEN] 오리지날 톨 레인부츠 - 블랙 WFT1000RMABLK,여,신발
8,우포스,OORIGINAL BLACK - 조리 블랙,남 여,신발
9,락피쉬웨더웨어,FLATFORM RAIN BOOTS LONG - 4color,여,신발
10,로스트가든,Dive_beige,남 여,신발
11,닥터마틴,1460 8홀 나파 블랙 무광 11822002,남 여,신발
12,락피쉬웨더웨어,HAYDEN BOOTS - 7color,여,신발
13,닥터마틴,1B99 버지니아 14홀 부츠 블랙 / 11820008,남 여,신발
14,로맨틱무브,베이스먼트 더비 R21M042 (FG 블랙),남,신발
15,로스트가든,Nova_beige suede,남 여,신발
16,킨,유니크 샌들 Black,남 여,신발
17,로렌조반피,포질리포 페니로퍼 스웨이드 다크 네이비 (feat. CLASSSY),남,신발
18,닥터마틴,마일즈 블랙 슬리퍼 23523001,남 여,신발
19,락피쉬웨더웨어,ORIGINAL CHELSEA RAINBOOTS - 6color,여,신발
20,헤레우,여성 페스카 컷 아웃 샌들 - 탄 / WFS21PESC002,여,신발
21,잠트,RAF_BK 유니섹스 스판부츠,남 여,신발
22,아일랜드슬리퍼,PT203 피넛,남 여,신발
23,아일랜드슬리퍼,PT203 팔로미노,남 여,신발
24,살로몬 스포츠스타일,RX 슬라이드 3.0 - 다크 사파이어:루버 / L47131500,남 여,신발
25,팀버랜드,남성 팀버랜드 6인치 프리미엄 부츠 / 10061-713,남,신발
26,엠엘비,빅볼청키 마스크 NY (Cream),남 여,신발
27,닥터마틴,블레어 블랙 브란도 샌들 24191001,남 여,신발
28,락피쉬웨더웨어,첼시 레인부츠 - 6color,여,신발
29,피에스메리제인,Two wave pumps (black),여,신발
30,피렌체 아뜨리에,SECOND.A 볼륨 라운드토 5CM 더비슈즈 2NDF2700GB [BLACK],남,신발
31,닥터마틴,1461 3홀 벡스 블랙 스무스 / 21084001,남 여,신발
32,헌터,[WOMEN] 오리지날 플레이 톨 레인부츠 - 아틱모스 WFT2007RMAATM,여,신발
33,헌터,[WOMEN] 오리지날 톨 레인부츠 - 스키밍스톤 WFT1000RMASNE,여,신발
34,무신사 스탠다드,플레인 더비 슈즈 [블랙],남 여,신발
35,위더로드,WTRD1203 클리프 스퀘어토 4홀 더비슈즈 블랙 [250~290MM],남 여,신발
36,락피쉬웨더웨어,LOWEN RAIN BOOTS MIDDLE - 3color,여,신발
37,레인보우샌들,모카신 슈즈 SIERRA BROWN,남 여,신발
38,로스트가든,Poc,남,신발
39,로맨틱무브,베이스먼트 더비 R21M042 (BX 블랙),남,신발
40,팀버랜드,여성 레이스업 통굽부츠 브라운_TB0A2KMU2311,여,신발
41,포스트맨,타이프라이터 블랙,남 여,신발
42,피렌체 아뜨리에,SECOND.A 벌룬 더비슈즈 2NDF2800GB [BLACK],남,신발
43,크록스,공용 CLASSIC WT (23SUCL10001),남 여,신발
44,리복,코듀라 비트닉 - 샌드 베이지 / FY2948,남 여,신발
45,야세,산토리니 샌들 레더 블랙 552,남 여,신발
46,킨,뉴포트 H2 샌들 Triple Black,남 여,신발
47,우포스,OOAHH BLACK - 슬리퍼 블랙,남 여,신발
48,킨,샨티 슬라이드 White,남,신발
49,킨,유니크 슬리퍼 슬라이드 Black,남 여,신발
50,레이첼콕스,Flat_Cecile R2338p_2cm,여,신발
51,로맨틱무브,뉴탐페레 첼시 부츠 R17M077 (블랙),남,신발
52,바토즈,Pollock30_Black,남,신발
53,엠엘비,빅볼청키 다이아 모노그램 NY (Black),남 여,신발
54,닥터마틴,닥스 블랙 하이드로 슬리퍼 / 25764001,남 여,신발
55,무드나잇,BUTTER Glove Pumps - 5color 6cm 라운드 글로브 펌프스,여,신발
56,뉴발란스,NBPADS120E / BB550VTC (GREEN),남 여,신발
57,로맨틱무브,뉴스마트로퍼 R14M008  (블랙),남,신발
58,질바이질스튜어트,[2COLOR][핼리] 컬러배색 메리제인 플랫슈즈,여,신발
59,아디다스,알파바운스 슬라이드 - 화이트:블랙 / FX1326,남 여,신발
60,락포트,베드포드 페니 로퍼 CI9759,남,신발
61,락피쉬웨더웨어,LOWEN RAIN BOOTS LONG - 3color,여,신발
62,크록스,공용 BAYABAND CLOG WTN (23SUCL205089),남 여,신발
63,무신사 스탠다드,와이드 스퀘어 페니 로퍼 [블랙],남 여,신발
64,아디다스,알파바운스 슬라이드 2.0 - 블랙:화이트 / GY9415,남 여,신발
65,킨,샨티 슬라이드 Merlot,남 여,신발
66,피렌체 아뜨리에,하이 앵클라인 슬림토 첼시부츠 3342 [BLACK FG],남,신발
67,레인보우샌들,더블 레이어 SIERRA BROWN,남 여,신발
68,버켄스탁,지제 스톤 043391,남 여,신발
69,닥터마틴,1461 가드,남,신발
70,락피쉬웨더웨어,SCRUNCH FLAT - CREAM,여,신발
71,갭,소프트 워킹 슬리퍼(블랙),남 여,신발
72,흐꺙,Harmony - Orange,여,신발
73,크록스,공용 CROCBAND WT (23SUCL11016),남 여,신발
74,크록스,공용 BAYABAND CLOG BKW (23SUCL205089),남 여,신발
75,미우미우,여성 자카드 로고 데님 슬라이드 - 블루엣 / 5XX5583LKYF0016,여,신발
76,닥터마틴,칠튼 블랙 하이드로 슬리퍼 / 25766001,남 여,신발
77,슈하이,베로니카 로우 레이스업 워커 B1516 (3 Colors),여,신발
78,헤레우,여성 라사다 펌프스 - 크림 / WFS21LLAS00215594332,여,신발
79,크록스,공용 CLASSIC CRUSH CLOG BK (23SUCL207521),남 여,신발
80,닥터마틴,1461 3홀 블랙 스무스 / 11838002,남 여,신발
81,무신사 스탠다드,스퀘어 첼시 부츠 [블랙],남 여,신발
82,커스텀에이드,4.5cm 소가죽 코만도 더비 구두 컴포트(CR0004),남 여,신발
83,빅토리아 슈즈,오다 메리제인 (104913-NEGRO),여,신발
84,야세,503 5.5CM 미니멀 스퀘어 더비,남,신발
85,조셉트,PAUL,남,신발
86,닥터마틴,1460 8홀 벡스 블랙 스무스 / 25345001,남 여,신발
87,락피쉬웨더웨어,TILDA CHELSEA RAIN BOOTS SHORT - 2color,여,신발
88,닥터마틴,1461 3홀 레오파드 카키 스무스 / 27686384,남 여,신발
89,세스띠,베이직 웨스턴 롱부츠 (BLACK),여,신발
90,야세,벨로 VELLO 베이지,남 여,신발
91,야세,베를린 스퀘어 슬라이드 레더 블랙,남 여,신발
92,드로우핏,[드로우핏X식스핏] X 슬라이드 밴드 샌들,남,신발
93,엠엘비,빅볼청키 마스크 LA (Cream),남 여,신발
94,캠퍼,Right Nina K201367-001,여,신발
95,마크모크,Tera Musinsa Edition,여,신발
96,아디다스,아딜렛 클로그 - 블랙:화이트 / GZ5886,남 여,신발
97,슈하이,케일리 앵클 웨스턴 부츠_B2305(3 Colors),여,신발
98,질바이질스튜어트,[2COLOR][핼리] 컬러배색 메리제인 플랫슈즈,여,신발
99,로맨틱무브,다우너 로퍼 R21M041 (BX 블랙),남,신발
100,라이프워크,스페이스런 뮬,남 여,신발
101,아디다스,알파바운스 슬라이드 - 화이트:블랙 / FX1326,남 여,신발
102,엠엘비,빅볼청키 LITE SD NY (Cream),남 여,신발
103,크록스,여성 CLASSIC PLATFORM CLOG W BONE (23SWCL206750),여,신발
104,락피쉬웨더웨어,SCRUNCH FLAT - BLACK,여,신발
105,슈페너,SPACOD 로퍼 구두 브라운,남,신발
106,리복,코듀라 비트닉 - 락 블랙 / FY2949,남 여,신발
107,뉴발란스,NBRJDS201B / NB 쿠셔닝 슬라이드 SD1501BK3 (BLACK),남 여,신발
108,토앤토,플립플랍 ZEROVITY BIO 올리브,남 여,신발
109,세컨데일리,Romero 로메로 펌프스힐 블랙,여,신발
110,킨치,OFFICE - 111(a),남,신발
111,위더로드,WTRD1102 데미안 4홀 더비슈즈 매트블랙 [240~300mm],남,신발
112,마이애미프로젝트,MF 3003 리버풀 베이직 페니 로퍼 밴타블랙,남,신발
113,아디다스,아딜렛 22 - 카본 / GX6949,남 여,신발
114,아디다스,아딜렛 라이트 - 블랙: 화이트 / FU8298,남 여,신발
115,아일랜드슬리퍼,PT203 타우페,남 여,신발
116,슈쉐임,올인원키트 신발클리너 신발관리,라이프,신발
117,헌터,[WOMEN] 오리지날 숏 레인부츠 - 블랙 WFS1000RMABLK,여,신발
118,헌터,[MEN] 오리지날 톨 레인부츠 - 블랙,남,신발
119,크록스,여성 BAYA PLATFORM CLOG BK (23SWCL208186),여,신발
120,아일랜드슬리퍼,PT203 핑크,남 여,신발
121,락피쉬웨더웨어,FLATFORM RAIN BOOTS LONG - 4color,여,신발
122,닥터마틴,8065 메리제인,여,신발
123,닥터마틴,1461 3홀 E.H 스웨이드 페일 올리브 / 27458358,남 여,신발
124,닥터마틴,1461 3홀 빈티지브라운 11838201,남 여,신발
125,아일랜드슬리퍼,PT203 터쿼이즈,남 여,신발
126,버켄스탁,아리조나 에바 블랙 129421,남 여,신발
127,마이애미프로젝트,1991 글랜데일 소가죽 베이직 홀스빗 로퍼 밴타블랙,남,신발
128,키치오브제,에어스니커즈 씨에라 화이트,남,신발
129,크록스,공용 CLASSIC AT (23SUCL10001),남 여,신발
130,빅토리아 슈즈,오다 메리제인 (104913-NEGRO),여,신발
131,클락스,WALLABEE 26155515,남 여,신발
132,디스커버리 익스페디션,버킷 슬라이드 (B/WHITE),남 여,신발
133,락피쉬웨더웨어,벨라 퀼티드 플랫  - BLACK,여,신발
134,닥터마틴,1B60 버지니아 블랙 / 23889001,남 여,신발
135,솔트앤초콜릿,레이스업 플랫 워커 롱부츠 412148002 (3.5cm/3color),여,신발
136,아디다스,아딜렛 22 - 베이지 / GX6945,남 여,신발
137,크록스,성인 CROCBAND BK (22SUCL11016),남 여,신발
138,캘빈클라인 진,여 블랙 노리치 슬리퍼 YW00585 BDS,여,신발
139,아디다스,아디케인 슬라이드 - 블랙 / HQ9915,남 여,신발
140,엄브로,TOPI (토피) 오프화이트(UO123ESA30),남 여,신발
141,무신사 스탠다드,플레인 첼시 부츠 [블랙],남 여,신발
142,크록스,공용 CLASSIC ALL TERRAIN CLOG LGR (23SUCL206340),남 여,신발
143,노스페이스,NS98P04A 우븐슬라이드,남 여,신발
144,어글리즈,올리 플립플랍 쪼리 2PACK,여,신발
145,마크모크,Titi 2Color 스퀘어토 스트랩 로퍼 2Cm,여,신발
146,팀버랜드,남성 ATWELLS AVE 부츠 블랙_TB0A43UN0151,남,신발
147,슈펜,[깡스타일리스트X슈펜] 클래식 레더더비 블랙 BYSC79A02,남,신발
148,츄바스코,S130293 AZTEC BLACK/BLACK,남 여,신발
149,슈펜,[최겨울x슈펜]이태리 비브람 시리즈 더비슈즈 BYSC19W04,남,신발
150,무신사 스탠다드,세미 드레스 페니 로퍼 [블랙],남 여,신발
151,식스핏,[제멋X식스핏] 청키 더비슈즈 (키높이 버전),남,신발
152,크록스,공용 CLASSIC HIKER CLOG BK (23SUCL206772),남 여,신발
153,락피쉬웨더웨어,파스텔 첼시 레인부츠 - 3color,여,신발
154,위더로드,WTRD2102 카터 테슬로퍼 블랙 [240~300mm],남,신발
155,프리플라,A8133 flat _ 4color,여,신발
156,프리플라,19B503 black loafer,여,신발
157,키르시,키르시 젤-클라우드 슬라이드 [아이보리],여,신발
158,라코스테,남성 크로코 1.0 슬라이드 [화이트],남,신발
159,로맨틱무브,플리츠 더비 R22M024 (체스넛스웨이드),남,신발
160,엄브로,TOPI FISHERMAN (토피 피셔맨) 베이지(UO223ESA40),남 여,신발
161,알도,SEGAL/001Black,남,신발
162,락피쉬웨더웨어,스크런치 플랫 (사틴) - WHITE,여,신발
163,마크모크,Solid 3Color 스퀘어 포인트 페니로퍼 2.5Cm,여,신발
164,세스띠,캐쥬얼 메리제인 하이탑 로퍼 (BLACK),여,신발
165,크록스,공용 CROCBAND STM (23SUCL11016),남 여,신발
166,피렌체 아뜨리에,SECOND.A 뉴 벌룬 더비슈즈 2NDF3200GB [BLACK],남,신발
167,프리플라,clo8502 flat _ 3color,여,신발
168,락피쉬웨더웨어,HAYDEN CLOG - 7color,여,신발
169,비에스큐티바이클래시,375 웰던 더비 구두 루시블랙,남 여,신발
170,닥터마틴,테리 블랙 브란도 샌들 23521001,남 여,신발
171,사뿐,하이드 레이스업 워커 (6cm),여,신발
172,위더로드,WTRD2111 마크 미니멀로퍼 블랙 [240~290MM],남,신발
173,테바,허리케인 XLT2 (BLK) STVF2319235-BLK,여,신발
174,토앤토,플립플랍 ZEROVITY BIO 블랙,남 여,신발
175,커버낫,C 로고 슬라이드 블랙,남 여,신발
176,마크모크,Rise 3Color 플랫폼 키높이 슬링백 3.5Cm,여,신발
177,커버낫,C 로고 슬라이드 그린,남 여,신발
178,마크모크,Goofy 2Color 청키 워커 4.5Cm,여,신발
179,커버낫,튜보 조리 블랙,남 여,신발
180,토앤토,슬라이드 ZEROVITY 블랙,남 여,신발
181,닥터마틴,단테,남 여,신발
182,커스텀에이드 우먼,3/5/7cm 포인티드토 통굽힐 라비나(CW0002),여,신발
183,클레용,6.5cm 다이나이트 페니로퍼 에반(CL0051),남,신발
184,락피쉬웨더웨어,첼시 레인부츠 - 6color,여,신발
185,텔릭,리커버리 플립 플랍 쪼리 (100-48),남 여,신발
186,크록스,성인 LITERIDE CLOG BSM (22SUCL204592),남 여,신발
187,파스코로젠,MS6383 잭슨 크로스 슬리퍼 블랙 [250~290mm],남,신발
188,크록스,공용 BAYABAND SLIDE WTN (23SUSL205392),남 여,신발
189,크록스,공용 CROCBAND WT (23SUCL11016),남 여,신발
190,비에스큐티바이클래시,875 니스 콜프 3홀 더비 구두 루시블랙,남 여,신발
191,킨,샨티 슬라이드 Merlot,남 여,신발
192,세스띠,스퀘어 버클 통굽 하이 로퍼  (BLACK),여,신발
193,크록스,공용 BAYABAND CLOG BPC (23SUCL205089),여,신발
194,사뿐,라크네 라운드 페니로퍼 (3cm),여,신발
195,레이첼콕스,Flat_Jacey R2167p_2cm,여,신발
196,무신사 스탠다드,라운드 더비 슈즈 [블랙],남 여,신발
197,레인보우샌들,더블 레이어 SIERRA BROWN,남 여,신발
198,23.65,BAGUETTE BUTTER,남 여,신발
199,마이애미프로젝트,MF 2591 퍼시픽 소가죽 베이직 페니 로퍼 밴타블랙,남,신발
200,로맨틱무브,[키높이 5cm] 2.0 뉴스마트로퍼 R15M508 (블랙복스),남,신발
201,헤레우,여성 로케타 슬링백 로퍼 - 블랙 / WFP21ROQU00116239100,여,신발
202,아디다스,알파바운스 슬라이드 2.0 - 화이트 / GY9417,남 여,신발
203,슈펜,베이직 바부슈 단화 3.0 HPWWVC401S,여,신발
204,락피쉬웨더웨어,CONNIE MARYJANE - 8color,여,신발
205,무신사 스탠다드,비건 레더 더블 스트랩 슬라이드 [블랙],남 여,신발
206,골스튜디오,GRAB-ITY BALANCE™ BASIC SLIDE-OFF WHITE,남 여,신발
207,크록스,공용 BAYA CHO (23SUCL10126),남 여,신발
208,널디,리치 브레드 벨크로 슬라이드 핑크,남,신발
209,솔트앤초콜릿,스퀘어 토 리본 밴딩 쿠션 플랫슈즈 412215010 (1.5cm/3colors),여,신발
210,커스텀에이드,4.5cm 소가죽 코만도 첼시부츠 루틴(CR0011),남 여,신발
211,솔트앤초콜릿,포인티드 토 메리제인 플랫 412115010 (2cm/3colors),여,신발
212,위더로드,WTRD5205 제롬 스퀘어토 첼시부츠 블랙 [250~290MM],남 여,신발
213,커스텀에이드,4.5cm 소가죽 청키솔 스퀘어토 워커 콜린(CR0064),남 여,신발
214,골스튜디오,GRAB-ITY BALANCE™ BASIC SLIDE-BLACK,남 여,신발
215,갭,소프트 워킹 슬리퍼(블랙),남 여,신발
216,슈펜,[슈펜X비슬로우] 리커버리 플랍슈즈 AFDU79S03,남 여,신발
217,크록스,여성 CLASSIC PLATFORM CLOG W WT (23SWCL206750),여,신발
218,커스텀에이드,4.5cm 소가죽 코만도 더비 구두 컴포트(CR0004),남 여,신발
219,닥터마틴,8065 메리제인 스무스 블랙 / 12916001,여,신발
220,크록스,공용 CLASSIC CRUSH CLOG WT (23SUCL207521),남 여,신발
221,사뿐,포엔즈 바부슈 플랫슈즈 (1cm),여,신발
222,아디다스,아딜렛 라이트 - 네이비:화이트 / FU8299,남 여,신발
223,아디다스,알파바운스 슬라이드 2.0 - 베이지 / HQ4314,남 여,신발
224,피렌체 아뜨리에,SECOND.A 매트블랙 라운드토 코만도솔 더비슈즈 2NDF 100B,남,신발
225,커버낫,C 로고 슬라이드 네이비,남 여,신발
226,크록스,공용 BAYA COB (23SUCL10126),남 여,신발
227,피렌체 아뜨리에,[리뉴얼] 키높이인솔 3 SET (3가지높이 선택가능 / 총6pcs),남,신발
228,생로랑,여성 트리뷰트 플랫 뮬 - 블랙 / 571952BDA001000,여,신발
229,23.65,BAGUETTE GREY,남 여,신발
230,챔피온,[US] 남성 IPO Slide (BLACK) CKSO2E001BK,남,신발
231,크록스,공용 BAYABAND CLOG BKW (23SUCL205089),남 여,신발
232,푸마,스웨이드 마유 서머 우먼스 샌들 - 아이보리 / 383379-01,여,신발
233,브랜즈,시티 보이 - 샌드,남,신발
234,사뿐,라비오 스퀘어 슬링백힐 (6cm),여,신발
235,사뿐,아르쥬 메리제인 셔링 플랫슈즈 (1cm),여,신발
236,폴로 랄프 로렌,케이슨 슬라이드 샌들 - 블루,남,신발
237,비에스큐티바이클래시,175 베이직 페니 로퍼 루시블랙,남,신발
238,다이나핏,텐더폼 샌들 BLACK,남 여,신발
239,널디,마카롱 플립플랍(23SS) 블랙,남 여,신발
240,르꼬르도니에,[ARTIFICIAL LEATHER] 1070_1 코만도 아웃솔 4홀 더비슈즈,남,신발
241,크록스,공용 CLASSIC CRUSH CLOG BONE (23SUCL207521),남 여,신발
242,언더아머,알파 슬리퍼 3025051-101,남 여,신발
243,아디다스,아딜렛 클로그 - 화이트 / FY8970,남 여,신발
244,빅토리아 슈즈,오다 메리제인 캔버스 (1049117-NEGRO),여,신발
245,식스핏,[제멋X식스핏] 퍼펙토 첼시부츠 (키높이 버전),남,신발
246,내셔널지오그래픽,N232USD020 크레페 BLACK,남 여,신발
247,마이애미프로젝트,0191 아르데코 소가죽 3홀 더비 구두 밴타블랙,남,신발
248,야세,오피스 슬라이드 레더 블랙 547,남 여,신발
249,푸마,푸마 스커프 페이즐리 SMU - 블루:화이트 / 392944-01,남 여,신발
250,킨치,BOULEVARD - 233(a),남,신발
251,락피쉬웨더웨어,레인 로퍼 - 2color,여,신발
252,크록스,공용 CLASSIC METALLIC CLOG SIM (23SUCL205831),남 여,신발
253,메듀즈,우먼즈 샌들 SUN - OLIVE,여,신발
254,슈펜,셔링 덮개 뮬 4.0 MIDL78S06,여,신발
255,퓨처랩,하입 크림끈 X 3 묶음,남,신발
256,라이프워크,스페이스런 벨크로 슬라이드,남 여,신발
257,뉴발란스,NBRJDS104G / NB 쿠셔닝 슬라이드 / SD1501LG3 (LIGHT GRAY),남 여,신발
258,에스티코,디엠즈 페니 로퍼 (블랙),남,신발
259,디스커버리 익스페디션,브릭 슬라이드 (L/BLACK),남 여,신발
260,에이티티,Satin maryjane flat (4colors),여,신발
261,아디다스,아딜렛 아윤 슬라이드 GX7064,남 여,신발
262,슈펜,리커버리 슬리퍼 AFDU78S14,남 여,신발
263,콜체스터,BEN 슬립온 (mens) C609058MA-M,남,신발
264,식스핏,오솔라이트 2.8cm 키높이 블랙 인솔 (Ortholite System Black Insole) 2개 묶음상품,남,신발
265,마크모크,Luke 5Color 데일리 모던샌들 5cm,남,신발
266,블랑토,뮬 B22S02-BLACK,여,신발
267,휠라,드리프터 라인즈(1SM01942E100),남 여,신발
268,크록스,공용 CLASSIC CROCS SLIDE AT (23SUSL206121),남 여,신발
269,티디앤,BEGIN 첼시부츠 TDN1231N,여,신발
270,오호스,스트랩 엠보싱 토 슈즈 / 실버,여,신발
271,로맨틱무브,[키높이 5cm] 2.0 뉴스마트로퍼 R15M508 (블랙복스),남,신발
272,피렌체 아뜨리에,[리뉴얼] 키높이인솔 3 SET (3가지높이 선택가능 / 총6pcs),남,신발
273,크록스,공용 CLASSIC CRUSH CLOG BONE (23SUCL207521),남 여,신발
274,솔트앤초콜릿,리본장식 블로퍼  412023011 (1.5cm/2colors),여,신발
275,23.65,VIPER2 MELON,남 여,신발
276,언더아머,알파 슬리퍼 3025051-101,남 여,신발
277,푸마,스웨이드 마유 서머 우먼스 샌들 - 아이보리 / 383379-01,여,신발
278,다이나핏,텐더폼 샌들 BLACK,남 여,신발
279,엘칸토,마쯔 남성 페니 로퍼 3.5cm LCMD82I111,남,신발
280,널디,리치 브레드 벨크로 슬라이드 핑크,남,신발
281,푸마,푸마 스커프 페이즐리 SMU - 블루:화이트 / 392944-01,남 여,신발
282,무신사 스탠다드,룸 슈즈 [블랙],남 여,신발
283,언더아머,이그나이트 7 슬라이드 3026023-001,남,신발
284,슈펜,셔링 덮개 뮬 4.0 MIDL78S06,여,신발
285,디스커버리 익스페디션,샌드라인 3 (NAVY),남 여,신발
286,디즈니,슈라모드 소프트 슬리퍼,여,신발
287,아디다스,아딜렛 클로그 - 화이트 / FY8970,남 여,신발
288,아디다스,아딜렛 라이트 - 네이비:화이트 / FU8299,남 여,신발
289,보테가베네타,남성 러버 엠보 슬라이드 - 씨 솔트 / 690105V1O609031,남,신발
290,푸마,로얄캣 컴포트 테이프 - 화이트:블랙 / 386712-02,남 여,신발
291,폴로 랄프 로렌,케이슨 슬라이드 샌들 - 블루,남,신발
292,휠라,드리프터 라인즈(1SM01942E100),남 여,신발
293,에스티코,디엠즈 페니 로퍼 (블랙),남,신발
294,위글위글,뽀글이 홈슬리퍼 - Teddy Bear,여,신발
295,크록스,공용 BAYA CHO (23SUCL10126),남 여,신발
296,사뿐,아르쥬 메리제인 셔링 플랫슈즈 (1cm),여,신발
297,사뿐,라비오 스퀘어 슬링백힐 (6cm),여,신발
298,골스튜디오,GRAB-ITY BALANCE™ PRO SLIDE-OFF WHITE,남 여,신발
299,비에스큐티바이클래시,175 베이직 페니 로퍼 루시블랙,남,신발
300,르꼬르도니에,[ARTIFICIAL LEATHER] 1070_1 코만도 아웃솔 4홀 더비슈즈,남,신발
301,널디,마카롱 플립플랍(23SS) 블랙,남 여,신발
302,무신사 스탠다드,비건 레더 더블 스트랩 샌들 [블랙],남 여,신발
303,츄바스코,TOLEDO CT2101 BLACK,남 여,신발
304,식스핏,오솔라이트 2.8cm 키높이 블랙 인솔 (Ortholite System Black Insole) 2개 묶음상품,남,신발
305,킨치,BOULEVARD - 233(a),남,신발
306,노스페이스,NS98N12S 위지 플립 EX,남 여,신발
307,락피쉬웨더웨어,레인 로퍼 - 2color,여,신발
308,킨,뉴포트 H2 여성 샌들 라이트 핑크,여,신발
309,아디다스,알파바운스 슬라이드 2.0 - 아이보리:베이지 / HQ7157,남 여,신발
310,킨,뉴포트 H2 여성 샌들 라이트 베이지,여,신발
311,위글위글,벨리곰X위글위글 실리콘참(S) - 2종 SET,라이프,신발
312,푸마,푸마Ⅹ코카 콜라 윌로 슬라이드 - 레드:화이트 / 387042-01,남 여,신발
313,슈펜,드로우핏 X 슈펜 베이직 더비 HPMR7CA55M,남,신발
314,닥터마틴,제이든 블랙 폴리시드 스무스 15265001,남 여,신발
315,모 스포츠,모 플립플랍 (블랙),남 여,신발
316,프라다,여성 트라이앵글 로고 슬라이드 - 화이트 / 1XX6363LK3F0009,여,신발
317,마크모크,Luke 5Color 데일리 모던샌들 5cm,남,신발
318,메듀즈,우먼즈 샌들 SUN - OLIVE,여,신발
319,푸마,푸마Ⅹ가필드 리드캣 2.0 슬라이드 - 블랙:오렌지 / 384184-01,남 여,신발
320,조셉트,PAUL,남,신발
321,헌터,[WOMEN] 오리지날 플레이 숏 레인부츠 - 아틱모스 WFS2020RMAATM,여,신발
322,미우미우,여성 자카드 데님 슬라이드 - 베이지 / 5XX5583LKYF0040,여,신발
323,락피쉬웨더웨어,TILDA CHELSEA RAIN BOOTS SHORT - 2color,여,신발
324,푸마,푸마 터프 패디드 폴카 도트 스커프 - 블랙:화이트 / 392192-01,남 여,신발
325,아디다스,아딜렛 라이트 - 화이트:블랙 / FU8297,남 여,신발
326,콜체스터,BEN 슬립온 (mens) C609058MA-M,남,신발
327,크록스,공용 CLASSIC CROCS SLIDE AT (23SUSL206121),남 여,신발
328,블랑토,뮬 B22S02-BLACK,여,신발
329,크록스,성인 BAYABAND CLOG BKW (22SUCL205089),남 여,신발
330,슈펜,볼드핏 톱니 리커버리 슬라이드 AFDU78S10,남 여,신발
331,헌터,[WOMEN] 플레이 숏 네뷸라 레인부츠 - 블랙,여,신발
332,레인보우샌들,더블 레이어 SIERRA BROWN,남 여,신발
333,닥터마틴,1461 PW 블랙 스무스 10078001,남 여,신발
334,아디다스,아딜렛 22 - 아이보리 / GX6950,남 여,신발
335,락피쉬웨더웨어,아서 왈라비 - BLACK,남,신발
336,무신사 스탠다드,와이드 스퀘어 페니 로퍼 [블랙],남 여,신발
337,락피쉬웨더웨어,LOWEN RAIN BOOTS SHORT - 3color,여,신발
338,뉴발란스,NBPADS120Z / BB550VTA (BLUE),남 여,신발
339,닥터마틴,나틸라 블랙 샌들 24641001,여,신발
340,아이더,카메오 쿠쉬 Beige,남 여,신발
341,쿄,[KYO X NT3] 키덜트 메리 제인 샌달 실버 그레이,여,신발
342,닥터마틴,스미스 빈티지 스무스 블랙 / 16056001,남 여,신발
343,와릿이즌,엔젤로고 슬라이드 에크루,남 여,신발
344,스코노,키높이 25mm 인솔 깔창 블랙/화이트,남 여,신발
345,커스텀에이드,4cm 모던 플립플랍 윌리스(CR1009),남 여,신발
346,베어파우,ORA WOMENS Sandals K1956037OB-W,여,신발
347,킨,유니크 샌들 Black,남 여,신발
348,리던,여성 90S 메리 제인 플랫 슈즈 - 블랙 / 21917W9TSSOBLACK,여,신발
349,락피쉬웨더웨어,WISLEY SCRUNCH FLAT - BEIGE,여,신발
350,밸롭,인젝션 아쿠아슈즈 레터링 블랙,남 여,신발
351,슈펜,리커버리 슬리퍼 AFDU78S14,남 여,신발
352,닥터마틴,1461 3홀 벡스 블랙 스무스 / 21084001,남 여,신발
353,갭,심플 슬라이드(화이트),남 여,신발
354,마크모크,Tera 2Color 베이직 글레디에이터샌들 5cm,여,신발
355,마크모크,Super 5Color 데일리 모던샌들 2.5cm,여,신발
356,발렌시아가,여성 마요르카 러버 샌들 - 블랙 / 656937W2DZ11000,여,신발
357,크록스,공용 CLASSIC CRUSH CLOG BK (23SUCL207521),남 여,신발
358,디즈니,쿠로미 페이스 슬리퍼,여,신발
359,엠엘비,빅볼청키 마스크 NY (Cream),남 여,신발
360,헌터,[MEN] 오리지날 톨 레인부츠 - 블랙,남,신발
361,토즈,여성 레더 슬라이드 - 브라운 / XXW05G0EM10RNLC811,여,신발
362,커버낫,튜보 슬라이드 블랙,남 여,신발
363,브랜즈,시티 보이 - 샌드,남,신발
364,마이애미프로젝트,0891 코즈웨이 소가죽 베이직 페니 로퍼 밴타블랙,남,신발
365,팀버랜드,남성 팀버랜드 6인치 프리미엄 부츠 / 10061-713,남,신발
366,노스페이스,NS98P12K 화이트라벨 마운틴 스니커 샌들,남 여,신발
367,로맨틱무브,투데이즈 더비 R21M046 (아이보리 스웨이드),남,신발
368,질 샌더,여성 레더 슬라이드 - 블랙 / JP38001A15511001,여,신발
369,헌터,[MEN] 오리지날 숏 레인부츠 - 블랙 MFS9000RMABLK,남,신발
370,로맨틱무브,투데이즈 더비 R21M046 (블랙),남,신발
371,닥터마틴,2976 첼시부츠 스무스 블랙 / 11853001,남 여,신발
372,액트플러스,바디얼라인먼트 플러스™ 블립온 트루 블랙,남 여,신발
373,닥터마틴,플로라,남 여,신발
374,킨,샨티 슬라이드 Taupe,남 여,신발
375,닥터마틴,피어슨 화이트 / 27295100,남 여,신발
376,락피쉬웨더웨어,WISLEY SCRUNCH FLAT - WHITE,여,신발
377,크록스,공용 CLASSIC WT (23SUCL10001),남 여,신발
378,아디다스,라이벌리 로우 HQ4457,여,신발
379,헌터,[WOMEN] 오리지날 숏 레인부츠 - 스키밍스톤 WFS1000RMASNE,여,신발
380,헌터,[WOMEN] 오리지날 톨 레인부츠 - 헌터그린 WFT1000RMAHGR,여,신발
381,로맨틱무브,스마일 :) 더비 R23M201 (핑크 스웨이드),남,신발
382,헌터,[WOMEN] 오리지날 첼시 레인부츠 - 블랙 WFS2078RMABLK,여,신발
383,뉴발란스,NBPADS121G / BB550LSA (GRAY),남 여,신발
384,마크모크,Ostin 2Color 클래식 청키 로퍼 4cm,여,신발
385,킨치,BLUNT - 000(a) / COFFEE,남,신발
386,락피쉬웨더웨어,BELLA MARYJANE FLAT - ALL BLACK,여,신발
387,헌터,[WOMEN] 오리지날 리파인드 글로스 숏 레인부츠 - 아젤리아핑크 WFS1098RGLAPL,여,신발
388,닥터마틴,1490 10홀 블랙 버지니아 / 22524001,남 여,신발
389,메듀즈,우먼즈 레인부츠 SKIPPY - NAVY,여,신발
390,세스띠,하이탑 데일리 페니로퍼 (BLACK),여,신발
391,닥터마틴,2976 블랙 나파 27100001,남 여,신발
392,닥터마틴,피어슨 II 레더 블래그 / 30822001,남 여,신발
393,야세,선셋 슬라이드 레더 블랙 553,남 여,신발
394,크록스,공용 CLASSIC HIKER CLOG WT (23SUCL206772),남 여,신발
395,헌터,[MEN] 오리지날 첼시 레인부츠 - 블랙 MFS9116RMABLK,남,신발
396,미우미우,여성 데님 슬라이드 - 블루 / 5XX5543L6LF0008,여,신발
397,미우미우,여성 코인 슬링백 - 블랙 / 5D774DULXF0002,여,신발
398,락피쉬웨더웨어,WISLEY RIBBON FLAT - CREAM,여,신발
399,닥터마틴,101 익스포스트 스틸 토 블랙 / 26660001,남 여,신발
400,솔트앤초콜릿,라운드 토 베이직 플랫 롱부츠 412148001 (3.5cm/3color),여,신발
401,크록스,공용 CLASSIC BONE (23SUCL10001),남 여,신발
402,닥터마틴,아드리안 스무스 블랙 / 14573001,남 여,신발
403,핏플랍,원더웰리 여성 첼시 레인부츠 라이트 핑크,여,신발
404,엄브로,TOPI (토피) 블랙(UO123ESA30),남 여,신발
405,토즈,여성 고미노 스웨이드 드라이빙 슈즈 - 블랙 / XXW0FW05030CKO9997,여,신발
406,엄브로,TOPI FISHERMAN (토피 피셔맨) 베이지(UO223ESA40),남 여,신발
407,밸롭,에어쿠션 인솔,남,신발
408,슈펜,드로우핏 X 슈펜 왈라비_가죽 HPMR7CA54M,남,신발
409,노스페이스,NS98N08K 화이트라벨 우븐 샌들,남 여,신발
410,오호스,스트랩 엠보싱 토 슈즈 / 아이보리,여,신발
411,라퍼지스토어,코도반 클래식 플레인 슈즈_Black,남,신발
412,닥터마틴,1490 벡스 W/집,남 여,신발
413,닥터마틴,1461 3홀 왁스드 풀그레인 블랙 / 30679001,남,신발
414,로맨틱무브,슬릿 와이드 로퍼 R23M001 (블랙),남,신발
415,닥터마틴,1461 3홀 블랙 나파 11838001,남 여,신발
416,헌터,[MEN] 오리지날 숏 레인부츠 - 블랙,남,신발
417,닥터마틴,피어슨 블랙 샌들 / 26473001,남 여,신발
418,크록스,성인 BAYABAND CLOG NVP (22SUCL205089),남 여,신발
419,킨,샨티 슬라이드 Merlot,남 여,신발
420,무신사 스탠다드,라운드 더비 슈즈 [블랙],남 여,신발
421,닥터마틴,1460 8홀 나파 블랙 무광 11822002,남 여,신발
422,헌터,[WOMEN] 오리지날 숏 레인부츠 - 네이비 WFS1000RMANVY,여,신발
423,식스핏,[제멋X식스핏] 퍼펙토 첼시부츠 (키높이 버전),남,신발
424,크록스,여성 CLASSIC PLATFORM CLOG W WT (22SWCL206750),여,신발
425,슈펜,라운드토 니트 플랫 1.0 MIST79S04,여,신발
426,크록스,여성 CLASSIC PLATFORM CLOG W BONE (22SWCL206750),여,신발
427,버켄스탁,취리히 SFB 모카 1009530,남 여,신발
428,크록스,성인 CROCBAND WHJ (22SUCL11016),남 여,신발
429,락피쉬웨더웨어,WISLEY SCRUNCH FLAT - PINK,여,신발
430,앤션트 그릭 샌들,여성 일레프테리아 샌들 - 블랙 / 101951025BLACK,여,신발
431,닥터마틴,1461 스웨이드,남 여,신발
432,뉴발란스,NBPADS121Z / BB550LSB (BLUE),남 여,신발
433,아디다스,아딜렛 22 - 라이트 핑크 / HP6516,남 여,신발
434,로맨틱무브,뉴스마트로퍼 R14M008  (블랙),남,신발
435,테바,우먼즈 보야 인피니티 / 1019622-WSW,여,신발
436,질바이질스튜어트,[2COLOR][핼리] 토캡 플랫 슈즈,여,신발
437,킨,유니크 샌들 White,여,신발
438,커스텀에이드,4cm 스웨이드 모크슈즈 트래비스(CR0070),남 여,신발
439,킨,뉴포트 H2 샌들 Black,남,신발
440,쓰리투에이티,STRAP MARY JANE PLATFORM (BLACK),여,신발
441,닥터마틴,2976 벡스 블랙 / 26205001,남 여,신발
442,쿠어,로우컷 플랫폼 플립플랍 (블랙),남 여,신발
443,무신사 스탠다드,룸 슈즈 [차콜 그레이],남 여,신발
444,크록스,여성 BAYA PLATFORM CLOG WWT (23SWCL208186),여,신발
445,밸롭,[2PACK]컨비니언트 샌들,남 여,신발
446,로스트가든,Yard_bl_sh,남,신발
447,아일랜드슬리퍼,PT203 타우페,남 여,신발
448,아디다스,아딜렛 22 - 화이트 / HQ4672,남 여,신발
449,발렌시아가,남성 카프스킨 블로퍼 - 블랙 / 678365WA72N1080,남,신발
